Workbook
Name 삼천포종점: #REF!
Name 삼천포종점: #REF!
Name 서포종점: #REF!
Name 서포종점: #REF!
Name 원수종점: #REF!
Name 원수종점: #REF!
Name 충무종점: #REF!
Name 충무종점: #REF!

Sheet >
B4: 흙의단위 중량 γt | C4: 1800
B6: 흙 반력계수 산정 기준 표
B7: 흙의 종류 | C7: 다짐도에 따른 E'(kg/㎠)
B8: (통일 분류법에 따름) | C8: 다짐 없음 | D8: ∙약간의 다짐 | E8: ∙중간정도의 다짐
D9: Proctor 밀도로 < 85% | E9: Proctor 밀도로>= 85 ~95%
D10: 상대 밀도로 < 40% | E10: 상대 밀도로 >= 40~70%
B11: ∙세립토(LL>50) 중정도의 소성부터 고소성까지의 흙 | C11: 이용 데이터가 없을 경우 : 토질 전문가와 협의. 기타의 경우는 E'=0을 사용
B12: ∙CH, MH, CH-MH
B13: 세립토(LL 50) 중정도의 소성부터 소성이 없는 흙까지 | C13: 3.5 | D13: 14 | E13: 28
B14: ∙CL, ML, CL-ML (세립부분 25%이하)
B15: ∙세립토(LL | C15: 7 | D15: 28 | E15: 70
B16: 50) 중정도의 소성부터 소성이 없는 흙까지
B17: ∙CL, ML, CL-ML (세립부분 25%이상) 세립토를 함유한 조립토
B18: ∙GM, GC, SM, SC
B19: (12%이상의 세립토를 함유)
B20: ∙세립토를 거의 함유 않던가, 전혀 함유 하지 않은 조립토 | C20: 14 | D20: 70 | E20: 140
B21: ∙GW, GP, SW, SP
B22: (12%이하의 세립토를 함유)
B28: A-01
B29: A-02
B30: A-03
B31: A-04
B32: A-05
B33: A-06
B34: A-07
B35: A-08
B36: A-09
B37: A-10
... B57: A-30

Sheet 2. 안전성 검토_계산조건
C1: [안전성 검토_계산조건 단위환산표]
C2: 구 간 | D2: 측점 (Sta.No) | G2: 관경 (mm) | H2: 관두께 (mm) | I2: 토피고 (m) | J2: 관중심고 (m) | K2: 기준점 동수두 (m) | L2: 손실수두 (m) | M2: 계산동수두 (m) | N2: 유량 (㎥/sec)
B3: 1 | C3: A-01 | D3: 0 | E3: + | F3: 37.1 | G3: 1500 | H3: 12.7 | I3: =#REF!-#REF!-#REF!/1000 -> #REF! | J3: =(VLOOKUP(B3,#REF!,14)) -> #REF! | K3: =(VLOOKUP(B3,#REF!,15)) -> #REF! | L3: =(VLOOKUP(B3,#REF!,8)) -> #REF! | M3: =K3-L3 -> #REF! | N3: =#REF!/86400 -> #REF!
B4: 2 | C4: A-01 | D4: 9 | E4: + | F4: 5.81 | G4: 1500 | H4: 12.7 | I4: =#REF!-#REF!-#REF!/1000 -> #REF! | J4: =(VLOOKUP(B4,#REF!,14)) -> #REF! | K4: =(VLOOKUP(B4,#REF!,15)) -> #REF! | L4: =(VLOOKUP(B4,#REF!,8)) -> #REF! | M4: =K4-L4 -> #REF! | N4: =#REF!/86400 -> #REF!
B5: 3 | C5: A-01 | D5: 11 | E5: + | F5: 0 | G5: 1500 | H5: 12.7 | I5: =#REF!-#REF!-#REF!/1000 -> #REF! | J5: =(VLOOKUP(B5,#REF!,14)) -> #REF! | K5: =(VLOOKUP(B5,#REF!,15)) -> #REF! | L5: =(VLOOKUP(B5,#REF!,8)) -> #REF! | M5: =K5-L5 -> #REF! | N5: =#REF!/86400 -> #REF!
B6: 4 | C6: A-02 | D6: 22 | E6: + | F6: 9.3 | G6: 1500 | H6: 12.7 | I6: =#REF!-#REF!-#REF!/1000 -> #REF! | J6: =(VLOOKUP(B6,#REF!,14)) -> #REF! | K6: =(VLOOKUP(B6,#REF!,15)) -> #REF! | L6: =(VLOOKUP(B6,#REF!,8)) -> #REF! | M6: =K6-L6 -> #REF! | N6: =#REF!/86400 -> #REF!
B7: 5 | C7: A-02 | D7: 49 | E7: + | F7: 0 | G7: 1500 | H7: 12.7 | I7: =#REF!-#REF!-#REF!/1000 -> #REF! | J7: =(VLOOKUP(B7,#REF!,14)) -> #REF! | K7: =(VLOOKUP(B7,#REF!,15)) -> #REF! | L7: =(VLOOKUP(B7,#REF!,8)) -> #REF! | M7: =K7-L7 -> #REF! | N7: =#REF!/86400 -> #REF!
B8: 6 | C8: A-03 | D8: 120 | E8: + | F8: 0 | G8: 1500 | H8: 12.7 | I8: =#REF!-#REF!-#REF!/1000 -> #REF! | J8: =(VLOOKUP(B8,#REF!,14)) -> #REF! | K8: =(VLOOKUP(B8,#REF!,15)) -> #REF! | L8: =(VLOOKUP(B8,#REF!,8)) -> #REF! | M8: =K8-L8 -> #REF! | N8: =#REF!/86400 -> #REF!
B9: 7 | C9: A-03 | D9: 128 | E9: + | F9: 15 | G9: 1500 | H9: 12.7 | I9: =#REF!-#REF!-#REF!/1000 -> #REF! | J9: =(VLOOKUP(B9,#REF!,14)) -> #REF! | K9: =(VLOOKUP(B9,#REF!,15)) -> #REF! | L9: =(VLOOKUP(B9,#REF!,8)) -> #REF! | M9: =K9-L9 -> #REF! | N9: =#REF!/86400 -> #REF!
B10: 8 | C10: A-03 | D10: 129 | E10: + | F10: 0 | G10: 1500 | H10: 12.7 | I10: =#REF!-#REF!-#REF!/1000 -> #REF! | J10: =(VLOOKUP(B10,#REF!,14)) -> #REF! | K10: =(VLOOKUP(B10,#REF!,15)) -> #REF! | L10: =(VLOOKUP(B10,#REF!,8)) -> #REF! | M10: =K10-L10 -> #REF! | N10: =#REF!/86400 -> #REF!
B11: 9 | C11: A-04 | D11: 154 | E11: + | F11: 36 | G11: 1500 | H11: 12.7 | I11: =#REF!-#REF!-#REF!/1000 -> #REF! | J11: =(VLOOKUP(B11,#REF!,14)) -> #REF! | K11: =(VLOOKUP(B11,#REF!,15)) -> #REF! | L11: =(VLOOKUP(B11,#REF!,8)) -> #REF! | M11: =K11-L11 -> #REF! | N11: =#REF!/86400 -> #REF!
B12: 10 | C12: A-04 | D12: 155 | E12: + | F12: 11.1 | G12: 1500 | H12: 12.7 | I12: =#REF!-#REF!-#REF!/1000 -> #REF! | J12: =(VLOOKUP(B12,#REF!,14)) -> #REF! | K12: =(VLOOKUP(B12,#REF!,15)) -> #REF! | L12: =(VLOOKUP(B12,#REF!,8)) -> #REF! | M12: =K12-L12 -> #REF! | N12: =#REF!/86400 -> #REF!
B13: 12 | C13: A-05 | D13: 182 | E13: + | F13: 33 | G13: 1500 | H13: 12.7 | I13: =#REF!-#REF!-#REF!/1000 -> #REF! | J13: =(VLOOKUP(B13,#REF!,14)) -> #REF! | K13: =(VLOOKUP(B13,#REF!,15)) -> #REF! | L13: =(VLOOKUP(B13,#REF!,8)) -> #REF! | M13: =K13-L13 -> #REF! | N13: =#REF!/86400 -> #REF!
B14: 13 | C14: A-05 | D14: 192 | E14: + | F14: 16.39 | G14: 1500 | H14: 12.7 | I14: =#REF!-#REF!-#REF!/1000 -> #REF! | J14: =(VLOOKUP(B14,#REF!,14)) -> #REF! | K14: =(VLOOKUP(B14,#REF!,15)) -> #REF! | L14: =(VLOOKUP(B14,#REF!,8)) -> #REF! | M14: =K14-L14 -> #REF! | N14: =#REF!/86400 -> #REF!
... B67: 68 | C67: A-30 | D67: 881 | E67: + | F67: 38.77 | G67: 1500 | H67: 12.7 | I67: =#REF!-#REF!-#REF!/1000 -> #REF! | J67: =(VLOOKUP(B67,#REF!,14)) -> #REF! | K67: =(VLOOKUP(B67,#REF!,15)) -> #REF! | L67: =(VLOOKUP(B67,#REF!,8)) -> #REF! | M67: =K67-L67 -> #REF! | N67: =#REF!/86400 -> #REF!

Sheet 3. 최소 관두께 만족 여부
I2: [최소 관두께 만족 여부]
B5: 구 간 | C5: 측점 (Sta.No) | F5: 관경 (mm) | G5: 관두께 (mm) | H5: 토피고 (m) | I5: 관중심고 (m) | J5: 기준점 동수두 (m) | K5: 손실수두 (m) | L5: 계산동수두 (m) | M5: 유량 (㎥/sec) | O5: 최소관두께 기준 (mm) | P5: 만족여부
A6: ='2. 안전성 검토_계산조건'!B3 -> 1 | B6: ='2. 안전성 검토_계산조건'!C3 -> A-01 | C6: ='2. 안전성 검토_계산조건'!D3 -> 0 | D6: ='2. 안전성 검토_계산조건'!E3 -> + | E6: ='2. 안전성 검토_계산조건'!F3 -> 37.1 | F6: ='2. 안전성 검토_계산조건'!G3 -> 1500 | G6: ='2. 안전성 검토_계산조건'!H3 -> 12.7 | H6: ='2. 안전성 검토_계산조건'!I3 -> #REF! | ... M6: ='2. 안전성 검토_계산조건'!N3 -> #REF! | O6: =(F6+508)/400 -> 5.02 | P6: =IF(G6>O6,"OK","NG") -> OK
A7: ='2. 안전성 검토_계산조건'!B4 -> 2 | B7: ='2. 안전성 검토_계산조건'!C4 -> A-01 | C7: ='2. 안전성 검토_계산조건'!D4 -> 9 | D7: ='2. 안전성 검토_계산조건'!E4 -> + | E7: ='2. 안전성 검토_계산조건'!F4 -> 5.81 | F7: ='2. 안전성 검토_계산조건'!G4 -> 1500 | G7: ='2. 안전성 검토_계산조건'!H4 -> 12.7 | H7: ='2. 안전성 검토_계산조건'!I4 -> #REF! | ... M7: ='2. 안전성 검토_계산조건'!N4 -> #REF! | O7: =(F7+508)/400 -> 5.02 | P7: =IF(G7>O7,"OK","NG") -> OK
A8: ='2. 안전성 검토_계산조건'!B5 -> 3 | B8: ='2. 안전성 검토_계산조건'!C5 -> A-01 | C8: ='2. 안전성 검토_계산조건'!D5 -> 11 | D8: ='2. 안전성 검토_계산조건'!E5 -> + | E8: ='2. 안전성 검토_계산조건'!F5 -> 0 | F8: ='2. 안전성 검토_계산조건'!G5 -> 1500 | G8: ='2. 안전성 검토_계산조건'!H5 -> 12.7 | H8: ='2. 안전성 검토_계산조건'!I5 -> #REF! | ... M8: ='2. 안전성 검토_계산조건'!N5 -> #REF! | O8: =(F8+508)/400 -> 5.02 | P8: =IF(G8>O8,"OK","NG") -> OK
A9: ='2. 안전성 검토_계산조건'!B6 -> 4 | B9: ='2. 안전성 검토_계산조건'!C6 -> A-02 | C9: ='2. 안전성 검토_계산조건'!D6 -> 22 | D9: ='2. 안전성 검토_계산조건'!E6 -> + | E9: ='2. 안전성 검토_계산조건'!F6 -> 9.3 | F9: ='2. 안전성 검토_계산조건'!G6 -> 1500 | G9: ='2. 안전성 검토_계산조건'!H6 -> 12.7 | H9: ='2. 안전성 검토_계산조건'!I6 -> #REF! | ... M9: ='2. 안전성 검토_계산조건'!N6 -> #REF! | O9: =(F9+508)/400 -> 5.02 | P9: =IF(G9>O9,"OK","NG") -> OK
A10: ='2. 안전성 검토_계산조건'!B7 -> 5 | B10: ='2. 안전성 검토_계산조건'!C7 -> A-02 | C10: ='2. 안전성 검토_계산조건'!D7 -> 49 | D10: ='2. 안전성 검토_계산조건'!E7 -> + | E10: ='2. 안전성 검토_계산조건'!F7 -> 0 | F10: ='2. 안전성 검토_계산조건'!G7 -> 1500 | G10: ='2. 안전성 검토_계산조건'!H7 -> 12.7 | H10: ='2. 안전성 검토_계산조건'!I7 -> #REF! | ... M10: ='2. 안전성 검토_계산조건'!N7 -> #REF! | O10: =(F10+508)/400 -> 5.02 | P10: =IF(G10>O10,"OK","NG") -> OK
A11: ='2. 안전성 검토_계산조건'!B8 -> 6 | B11: ='2. 안전성 검토_계산조건'!C8 -> A-03 | C11: ='2. 안전성 검토_계산조건'!D8 -> 120 | D11: ='2. 안전성 검토_계산조건'!E8 -> + | E11: ='2. 안전성 검토_계산조건'!F8 -> 0 | F11: ='2. 안전성 검토_계산조건'!G8 -> 1500 | G11: ='2. 안전성 검토_계산조건'!H8 -> 12.7 | H11: ='2. 안전성 검토_계산조건'!I8 -> #REF! | ... M11: ='2. 안전성 검토_계산조건'!N8 -> #REF! | O11: =(F11+508)/400 -> 5.02 | P11: =IF(G11>O11,"OK","NG") -> OK
A12: ='2. 안전성 검토_계산조건'!B9 -> 7 | B12: ='2. 안전성 검토_계산조건'!C9 -> A-03 | C12: ='2. 안전성 검토_계산조건'!D9 -> 128 | D12: ='2. 안전성 검토_계산조건'!E9 -> + | E12: ='2. 안전성 검토_계산조건'!F9 -> 15 | F12: ='2. 안전성 검토_계산조건'!G9 -> 1500 | G12: ='2. 안전성 검토_계산조건'!H9 -> 12.7 | H12: ='2. 안전성 검토_계산조건'!I9 -> #REF! | ... M12: ='2. 안전성 검토_계산조건'!N9 -> #REF! | O12: =(F12+508)/400 -> 5.02 | P12: =IF(G12>O12,"OK","NG") -> OK
A13: ='2. 안전성 검토_계산조건'!B10 -> 8 | B13: ='2. 안전성 검토_계산조건'!C10 -> A-03 | C13: ='2. 안전성 검토_계산조건'!D10 -> 129 | D13: ='2. 안전성 검토_계산조건'!E10 -> + | E13: ='2. 안전성 검토_계산조건'!F10 -> 0 | F13: ='2. 안전성 검토_계산조건'!G10 -> 1500 | G13: ='2. 안전성 검토_계산조건'!H10 -> 12.7 | H13: ='2. 안전성 검토_계산조건'!I10 -> #REF! | ... M13: ='2. 안전성 검토_계산조건'!N10 -> #REF! | O13: =(F13+508)/400 -> 5.02 | P13: =IF(G13>O13,"OK","NG") -> OK
A14: ='2. 안전성 검토_계산조건'!B11 -> 9 | B14: ='2. 안전성 검토_계산조건'!C11 -> A-04 | C14: ='2. 안전성 검토_계산조건'!D11 -> 154 | D14: ='2. 안전성 검토_계산조건'!E11 -> + | E14: ='2. 안전성 검토_계산조건'!F11 -> 36 | F14: ='2. 안전성 검토_계산조건'!G11 -> 1500 | G14: ='2. 안전성 검토_계산조건'!H11 -> 12.7 | H14: ='2. 안전성 검토_계산조건'!I11 -> #REF! | ... M14: ='2. 안전성 검토_계산조건'!N11 -> #REF! | O14: =(F14+508)/400 -> 5.02 | P14: =IF(G14>O14,"OK","NG") -> OK
A15: ='2. 안전성 검토_계산조건'!B12 -> 10 | B15: ='2. 안전성 검토_계산조건'!C12 -> A-04 | C15: ='2. 안전성 검토_계산조건'!D12 -> 155 | D15: ='2. 안전성 검토_계산조건'!E12 -> + | E15: ='2. 안전성 검토_계산조건'!F12 -> 11.1 | F15: ='2. 안전성 검토_계산조건'!G12 -> 1500 | G15: ='2. 안전성 검토_계산조건'!H12 -> 12.7 | H15: ='2. 안전성 검토_계산조건'!I12 -> #REF! | ... M15: ='2. 안전성 검토_계산조건'!N12 -> #REF! | O15: =(F15+508)/400 -> 5.02 | P15: =IF(G15>O15,"OK","NG") -> OK
A16: ='2. 안전성 검토_계산조건'!B13 -> 12 | B16: ='2. 안전성 검토_계산조건'!C13 -> A-05 | C16: ='2. 안전성 검토_계산조건'!D13 -> 182 | D16: ='2. 안전성 검토_계산조건'!E13 -> + | E16: ='2. 안전성 검토_계산조건'!F13 -> 33 | F16: ='2. 안전성 검토_계산조건'!G13 -> 1500 | G16: ='2. 안전성 검토_계산조건'!H13 -> 12.7 | H16: ='2. 안전성 검토_계산조건'!I13 -> #REF! | ... M16: ='2. 안전성 검토_계산조건'!N13 -> #REF! | O16: =(F16+508)/400 -> 5.02 | P16: =IF(G16>O16,"OK","NG") -> OK
A17: ='2. 안전성 검토_계산조건'!B14 -> 13 | B17: ='2. 안전성 검토_계산조건'!C14 -> A-05 | C17: ='2. 안전성 검토_계산조건'!D14 -> 192 | D17: ='2. 안전성 검토_계산조건'!E14 -> + | E17: ='2. 안전성 검토_계산조건'!F14 -> 16.39 | F17: ='2. 안전성 검토_계산조건'!G14 -> 1500 | G17: ='2. 안전성 검토_계산조건'!H14 -> 12.7 | H17: ='2. 안전성 검토_계산조건'!I14 -> #REF! | ... M17: ='2. 안전성 검토_계산조건'!N14 -> #REF! | O17: =(F17+508)/400 -> 5.02 | P17: =IF(G17>O17,"OK","NG") -> OK
... A70: ='2. 안전성 검토_계산조건'!B67 -> 68 | B70: ='2. 안전성 검토_계산조건'!C67 -> A-30 | C70: ='2. 안전성 검토_계산조건'!D67 -> 881 | D70: ='2. 안전성 검토_계산조건'!E67 -> + | E70: ='2. 안전성 검토_계산조건'!F67 -> 38.77 | F70: ='2. 안전성 검토_계산조건'!G67 -> 1500 | G70: ='2. 안전성 검토_계산조건'!H67 -> 12.7 | H70: ='2. 안전성 검토_계산조건'!I67 -> #REF! | ... M70: ='2. 안전성 검토_계산조건'!N67 -> #REF! | O70: =(F70+508)/400 -> 5.02 | P70: =IF(G70>O70,"OK","NG") -> OK

Sheet 관로매설현황표
A1: 관로 매설현황표
A3: 관로 계통 | B3: 관로 구간 | C3: 세부 구간 | D3: 위 치 (Sta. No.) | G3: Sta.No. | H3: 연장 (m) | I3: 누계연장 (m) | J3: 관종 | K3: 관경 (mm) | L3: 매설 년도 | M3: 매설 깊이 (m) | N3: 최대 정수압 (MPa) | O3: 매설 지역 | P3: 주요 조사내용 | Q3: 비고
A4: 하안 송수 | B4: 01 | C4: 01 | D4: =ROUNDDOWN(I4/40,0) -> 18 | E4: + | F4: =ROUND(I4-D4*40,3) -> 22.78 | G4: =_xlfn.CONCAT(D4,E4,F4) -> 18+22.78 | H4: =ROUND(H11,2) -> 742.78 | I4: =H4 -> 742.78 | J4: SP | K4: 1000 | L4: 1987 | M4: 4 | O4: 나대지
A5: 하안 송수 | B5: 01 | C5: 02 | D5: =ROUNDDOWN(I5/40,0) -> 21 | E5: + | F5: =ROUND(I5-D5*40,3) -> 21.93 | G5: =_xlfn.CONCAT(D5,E5,F5) -> 21+21.93 | H5: =ROUND(H12,2) -> 119.15 | I5: =+I4+H5 -> 861.93 | J5: SP | K5: 1000 | L5: 1987 | M5: 2.6 | O5: 도로
A6: 하안 송수 | B6: 01 | C6: 03 | D6: =ROUNDDOWN(I6/40,0) -> 25 | E6: + | F6: =ROUND(I6-D6*40,3) -> 30.81 | G6: =_xlfn.CONCAT(D6,E6,F6) -> 25+30.81 | H6: =ROUND(H13,2) -> 168.88 | I6: =+I5+H6 -> 1030.81 | J6: SP | K6: 1000 | L6: 1987 | M6: 2.3 | O6: 도로
A7: 하안 송수 | B7: 01 | C7: 04 | D7: =ROUNDDOWN(I7/40,0) -> 33 | E7: + | F7: =ROUND(I7-D7*40,3) -> 6.86 | G7: =_xlfn.CONCAT(D7,E7,F7) -> 33+6.86 | H7: =ROUND(H14,2) -> 296.05 | I7: =+I6+H7 -> 1326.86 | J7: SP | K7: 1000 | L7: 1987 | M7: 1.7000001 | O7: 도로
H10: 176.13926
H11: 742.78217
H12: 119.14975
H13: 168.87707
H14: 296.05341
H15: 242.16451
L20: =7.1*9.8 -> 69.58

Sheet 내압에 의한 원주방향 응력 검토
D1: [내압 원주방향에 의한 응력 검토]
N2: 최대수두
N3: =82+20.4 -> 102.4 | P3: 내압에 의한 검토 | S3: 소구간 | T3: 위 치 | U3: 관 경 | V3: 정수압 | W3: 내압에 의한 원주방향 응력 | X3: 허용응력 기준 | Y3: 안전율 (SF) | Z3: 만족여부
C4: 관로 계통 | D4: 관로 구간 | E4: 세부 구간 | F4: 측점 (Sta.No) | G4: 관경 (mm) | H4: 관두께 (mm) | I4: 정수압 (mpa) | J4: 발생휨응력 (mpa) | K4: 허용응력기준 (mpa) | L4: 안전율 (SF) | M4: 만족 여부 | P4: fsa = | Q4: (p × d) / 2t | T4: (Sta. No.) | U4: (㎜) | V4: (㎫) | W4: (㎫) | X4: (㎫)
A5: ='3. 최소 관두께 만족 여부'!A7 -> 2 | B5: =F5&#REF!&#REF! -> #REF! | C5: =관로매설현황표!A4 -> 하안 송수 | D5: =관로매설현황표!B4 -> 01 | E5: =관로매설현황표!C4 -> 01 | F5: =관로매설현황표!G4 -> 18+22.78 | G5: =관로매설현황표!K4 -> 1000 | H5: 8 | I5: 0.7 | J5: =(I5*G5)/(2*H5) -> 43.75 | K5: 140 | L5: =K5/J5 -> 3.2 | M5: =IF(K5>J5,"OK","NG") -> OK | S5: =_xlfn.CONCAT(D5,"(",E5,")") -> 01(01) | T5: =_xlfn.CONCAT(F5:F5) -> 18+22.78 | U5: =G5 -> 1000 | V5: =I5 -> 0.7 | W5: =J5 -> 43.75 | X5: 140 | Y5: =L5 -> 3.2 | Z5: =M5 -> OK
A6: ='3. 최소 관두께 만족 여부'!A8 -> 3 | B6: =F6&#REF!&#REF! -> #REF! | C6: =관로매설현황표!A5 -> 하안 송수 | D6: =관로매설현황표!B5 -> 01 | E6: =관로매설현황표!C5 -> 02 | F6: =관로매설현황표!G5 -> 21+21.93 | G6: =관로매설현황표!K5 -> 1000 | H6: 8 | I6: 0.7 | J6: =(I6*G6)/(2*H6) -> 43.75 | K6: 140 | L6: =K6/J6 -> 3.2 | M6: =IF(K6>J6,"OK","NG") -> OK | S6: =_xlfn.CONCAT(D6,"(",E6,")") -> 01(02) | T6: =_xlfn.CONCAT(F6:F6) -> 21+21.93 | U6: =G6 -> 1000 | V6: =I6 -> 0.7 | W6: =J6 -> 43.75 | X6: 140 | Y6: =L6 -> 3.2 | Z6: =M6 -> OK
A7: ='3. 최소 관두께 만족 여부'!A9 -> 4 | B7: =F7&#REF!&#REF! -> #REF! | C7: =관로매설현황표!A6 -> 하안 송수 | D7: =관로매설현황표!B6 -> 01 | E7: =관로매설현황표!C6 -> 03 | F7: =관로매설현황표!G6 -> 25+30.81 | G7: =관로매설현황표!K6 -> 1000 | H7: 8 | I7: 0.7 | J7: =(I7*G7)/(2*H7) -> 43.75 | K7: 140 | L7: =K7/J7 -> 3.2 | M7: =IF(K7>J7,"OK","NG") -> OK | S7: =_xlfn.CONCAT(D7,"(",E7,")") -> 01(03) | T7: =_xlfn.CONCAT(F7:F7) -> 25+30.81 | U7: =G7 -> 1000 | V7: =I7 -> 0.7 | W7: =J7 -> 43.75 | X7: 140 | Y7: =L7 -> 3.2 | Z7: =M7 -> OK
A8: ='3. 최소 관두께 만족 여부'!A10 -> 5 | B8: =F8&#REF!&#REF! -> #REF! | C8: =관로매설현황표!A7 -> 하안 송수 | D8: =관로매설현황표!B7 -> 01 | E8: =관로매설현황표!C7 -> 04 | F8: =관로매설현황표!G7 -> 33+6.86 | G8: =관로매설현황표!K7 -> 1000 | H8: 8 | I8: 0.7 | J8: =(I8*G8)/(2*H8) -> 43.75 | K8: 140 | L8: =K8/J8 -> 3.2 | M8: =IF(K8>J8,"OK","NG") -> OK | S8: =_xlfn.CONCAT(D8,"(",E8,")") -> 01(04) | T8: =_xlfn.CONCAT(F8:F8) -> 33+6.86 | U8: =G8 -> 1000 | V8: =I8 -> 0.7 | W8: =J8 -> 43.75 | X8: 140 | Y8: =L8 -> 3.2 | Z8: =M8 -> OK

Sheet 외압에 의한 원주방향 응력 검토
I1: 계산인자
I2: 추가 계산인자 | J2: 흙마찰각 | K2: 30 | P2: 추가 계산인자 | Q2: 후륜하중 | R2: 9600 | T2: 추가 계산인자 | U2: 형상계수 f | V2: 1.5 | AB2: 외압에 의한 관체 변형량 | AC2: Δx = | AD2: 2 Kx (Wv + Wt) R⁴ | AG2: 추가 계산인자 | AH2: 부력계수 | AI2: =1 -> 1
J3: 랭킨토압계수 | K3: =(1-SIN(RADIANS(30)))/(1+SIN(RADIANS(30))) -> 0.33333333 | Q3: 후륜 중심간격 L | R3: 175 | U3: 관 탄성계수 | V3: 2100000 | AD3: E I + 0.06146 E' R³ | AH3: 흙 반력계수 | AI3: =V4 -> 70
J4: 매설토와 굴착면 | K4: =TAN(RADIANS(30)) -> 0.57735027 | Q4: 분산각 | R4: 45 | U4: 흙 반력계수 | V4: 70
Q5: 후륜 중심거리 c | R5: 100 | U5: Kb | V5: 0.157 | W5: (기초지지각 90도) | AB5: 관체 변형율(%) | AC5: = Δx / 관경(D)×100
Q6: 차량접지장 | R6: 20 | U6: Kx | V6: 0.096
Q7: 후륜접지폭 | R7: 50
B9: [외압에 의한 원주방향 응력 검토]
B11: 관 제원 | I11: 계산인자 | W11: 외부하중에 의한 관 휨응력
I12: 토압 | P12: 차량하중 | T12: 관 반경 (cm) | U12: 단면 2차 모멘트 I (㎤) | V12: 단면 계수 Z (㎤) | AB12: 관체 변형율(%) | AF12: 외압에 의한 좌굴하중
B13: 관로 계통 | C13: 관로 구간 | D13: 세부 구간 | E13: 측점 (Sta.No) | F13: 관경 (mm) | G13: 관두께 (mm) | H13: 토피고 (m) | I13: 흙 단위중량 | J13: 굴착폭 (B) | K13: Cd | L13: 토압 (2m이하) | M13: 토압 (2m초과) | N13: 토압 We (kgf/㎠) | P13: 차량 대수 i | Q13: 충격 계수 | R13: 차량하중 Wt (kgf/㎠) | W13: 외부 휨응력 (kgf/㎠) | X13: 외부 휨응력 (mpa) | Y13: 안전율 (SF) | Z13: 만족 여부 | AB13: Δx (cm) | AC13: 변형율(%) | AD13: 만족 여부 | AF13: 설계계수 (FS) | AG13: 기초계수 (B`) | AH13: 허용좌굴하중 (kg/cm2) | AI13: 총 연직하중 (kg/cm2) | AJ13: 만족 여부
A14: =E14&#REF!&#REF! -> #REF! | B14: ='내압에 의한 원주방향 응력 검토'!C5 -> 하안 송수 | C14: ='내압에 의한 원주방향 응력 검토'!D5 -> 01 | D14: ='내압에 의한 원주방향 응력 검토'!E5 -> 01 | E14: ='내압에 의한 원주방향 응력 검토'!F5 -> 18+22.78 | F14: =관로매설현황표!K4 -> 1000 | G14: 8 | H14: =관로매설현황표!M4 -> 4 | I14: 1800 | J14: =F14/10+40 -> 140 | K14: =(1-EXP(-2*$K$3*$K$4*$H14/($J14/100)))/(2*$K$3*K$4) -> 1.7330051 | L14: =H14*I14/100^2 -> 0.72 | M14: =$K14*0.0018*J14 -> 0.43671728 | N14: =IF(H14>2,M14,L14) -> 0.43671728 | P14: 8 | Q14: =IF(H14>6.5,0.5,IF(H14>1.5,0.65-0.1*H14,IF(H14>=0,0.5))) -> 0.25 | R14: =(2*P14*$R$2*(1+Q14))/((P14*$R$3+(P14-1)*$R$5+$R$7+2*(H14*100)*TAN($R$4*PI()/180))*($R$6+2*(H14*100)*TAN($R$4*PI()/180))) -> 0.079371641 | T14: =F14/2/10 -> 50 | U14: =(G14/10)^3/12 -> 0.042666667 | V14: =(G14/10)^2/6 -> 0.10666667 | W14: =(2/($V$2*V14))*(N14+R14)*($V$5*T14^2*$V$3*U14+(0.06146*$V$5-0.08303*$V$6)*$V$4*T14^5)/($V$3*U14+0.061*$V$4*T14^3) -> 743.91078 | X14: =W14*0.098067 -> 72.953098 | Y14: =140/X14 -> 1.9190412 | Z14: =IF(X14>140,"NG","OK") -> OK | AB14: =(2*$V$6*(N14+R14)*(T14^4))/($V$3*U14+0.06146*$V$4*T14^3) -> 0.9871396 | AC14: =AB14/(F14/10) -> 0.009871396 | AD14: =IF(AC14<0.05,"Ok","NG") -> Ok | AF14: =IF(H14>(F14/1000),2.5,3) -> 2.5 | AG14: =0.15+0.041*(AF14) -> 0.2525 | AH14: =(1/AF14)*((32*$AI$2*AG14*$AI$3*$V$3*U14/(F14/10)^3)^0.5) -> 2.8475325 | AI14: =N14+R14 -> 0.51608892 | AJ14: =IF(AH14>AI14,"ok","NG") -> ok
A15: =E15&#REF!&#REF! -> #REF! | B15: ='내압에 의한 원주방향 응력 검토'!C6 -> 하안 송수 | C15: ='내압에 의한 원주방향 응력 검토'!D6 -> 01 | D15: ='내압에 의한 원주방향 응력 검토'!E6 -> 02 | E15: ='내압에 의한 원주방향 응력 검토'!F6 -> 21+21.93 | F15: =관로매설현황표!K5 -> 1000 | G15: 8 | H15: =관로매설현황표!M5 -> 2.6 | I15: 1800 | J15: =F15/10+40 -> 140 | K15: =(1-EXP(-2*$K$3*$K$4*$H15/($J15/100)))/(2*$K$3*K$4) -> 1.3268822 | L15: =H15*I15/100^2 -> 0.468 | M15: =$K15*0.0018*J15 -> 0.33437431 | N15: =IF(H15>2,M15,L15) -> 0.33437431 | P15: 2 | Q15: =IF(H15>6.5,0.5,IF(H15>1.5,0.65-0.1*H15,IF(H15>=0,0.5))) -> 0.39 | R15: =(2*P15*$R$2*(1+Q15))/((P15*$R$3+(P15-1)*$R$5+$R$7+2*(H15*100)*TAN($R$4*PI()/180))*($R$6+2*(H15*100)*TAN($R$4*PI()/180))) -> 0.096906318 | T15: =F15/2/10 -> 50 | U15: =(G15/10)^3/12 -> 0.042666667 | V15: =(G15/10)^2/6 -> 0.10666667 | W15: =(2/($V$2*V15))*(N15+R15)*($V$5*T15^2*$V$3*U15+(0.06146*$V$5-0.08303*$V$6)*$V$4*T15^5)/($V$3*U15+0.061*$V$4*T15^3) -> 621.66478 | X15: =W15*0.098067 -> 60.9648 | Y15: =140/X15 -> 2.2964071 | Z15: =IF(X15>140,"NG","OK") -> OK | AB15: =(2*$V$6*(N15+R15)*(T15^4))/($V$3*U15+0.06146*$V$4*T15^3) -> 0.8249241 | AC15: =AB15/(F15/10) -> 0.008249241 | AD15: =IF(AC15<0.05,"Ok","NG") -> Ok | AF15: =IF(H15>(F15/1000),2.5,3) -> 2.5 | AG15: =0.15+0.041*(AF15) -> 0.2525 | AH15: =(1/AF15)*((32*$AI$2*AG15*$AI$3*$V$3*U15/(F15/10)^3)^0.5) -> 2.8475325 | AI15: =N15+R15 -> 0.43128063 | AJ15: =IF(AH15>AI15,"ok","NG") -> ok
A16: =E16&#REF!&#REF! -> #REF! | B16: ='내압에 의한 원주방향 응력 검토'!C7 -> 하안 송수 | C16: ='내압에 의한 원주방향 응력 검토'!D7 -> 01 | D16: ='내압에 의한 원주방향 응력 검토'!E7 -> 03 | E16: ='내압에 의한 원주방향 응력 검토'!F7 -> 25+30.81 | F16: =관로매설현황표!K6 -> 1000 | G16: 8 | H16: =관로매설현황표!M6 -> 2.3 | I16: 1800 | J16: =F16/10+40 -> 140 | K16: =(1-EXP(-2*$K$3*$K$4*$H16/($J16/100)))/(2*$K$3*K$4) -> 1.2175907 | L16: =H16*I16/100^2 -> 0.41399999 | M16: =$K16*0.0018*J16 -> 0.30683286 | N16: =IF(H16>2,M16,L16) -> 0.30683286 | P16: 2 | Q16: =IF(H16>6.5,0.5,IF(H16>1.5,0.65-0.1*H16,IF(H16>=0,0.5))) -> 0.42000001 | R16: =(2*P16*$R$2*(1+Q16))/((P16*$R$3+(P16-1)*$R$5+$R$7+2*(H16*100)*TAN($R$4*PI()/180))*($R$6+2*(H16*100)*TAN($R$4*PI()/180))) -> 0.11833334 | T16: =F16/2/10 -> 50 | U16: =(G16/10)^3/12 -> 0.042666667 | V16: =(G16/10)^2/6 -> 0.10666667 | W16: =(2/($V$2*V16))*(N16+R16)*($V$5*T16^2*$V$3*U16+(0.06146*$V$5-0.08303*$V$6)*$V$4*T16^5)/($V$3*U16+0.061*$V$4*T16^3) -> 612.8512 | X16: =W16*0.098067 -> 60.100478 | Y16: =140/X16 -> 2.3294324 | Z16: =IF(X16>140,"NG","OK") -> OK | AB16: =(2*$V$6*(N16+R16)*(T16^4))/($V$3*U16+0.06146*$V$4*T16^3) -> 0.81322882 | AC16: =AB16/(F16/10) -> 0.0081322882 | AD16: =IF(AC16<0.05,"Ok","NG") -> Ok | AF16: =IF(H16>(F16/1000),2.5,3) -> 2.5 | AG16: =0.15+0.041*(AF16) -> 0.2525 | AH16: =(1/AF16)*((32*$AI$2*AG16*$AI$3*$V$3*U16/(F16/10)^3)^0.5) -> 2.8475325 | AI16: =N16+R16 -> 0.42516619 | AJ16: =IF(AH16>AI16,"ok","NG") -> ok
A17: =E17&#REF!&#REF! -> #REF! | B17: ='내압에 의한 원주방향 응력 검토'!C8 -> 하안 송수 | C17: ='내압에 의한 원주방향 응력 검토'!D8 -> 01 | D17: ='내압에 의한 원주방향 응력 검토'!E8 -> 04 | E17: ='내압에 의한 원주방향 응력 검토'!F8 -> 33+6.86 | F17: =관로매설현황표!K7 -> 1000 | G17: 8 | H17: =관로매설현황표!M7 -> 1.7000001 | I17: 1800 | J17: =F17/10+40 -> 140 | K17: =(1-EXP(-2*$K$3*$K$4*$H17/($J17/100)))/(2*$K$3*K$4) -> 0.97001079 | L17: =H17*I17/100^2 -> 0.30600001 | M17: =$K17*0.0018*J17 -> 0.24444272 | N17: =IF(H17>2,M17,L17) -> 0.30600001 | P17: 2 | Q17: =IF(H17>6.5,0.5,IF(H17>1.5,0.65-0.1*H17,IF(H17>=0,0.5))) -> 0.48 | R17: =(2*P17*$R$2*(1+Q17))/((P17*$R$3+(P17-1)*$R$5+$R$7+2*(H17*100)*TAN($R$4*PI()/180))*($R$6+2*(H17*100)*TAN($R$4*PI()/180))) -> 0.1879365 | T17: =F17/2/10 -> 50 | U17: =(G17/10)^3/12 -> 0.042666667 | V17: =(G17/10)^2/6 -> 0.10666667 | W17: =(2/($V$2*V17))*(N17+R17)*($V$5*T17^2*$V$3*U17+(0.06146*$V$5-0.08303*$V$6)*$V$4*T17^5)/($V$3*U17+0.061*$V$4*T17^3) -> 711.97942 | X17: =W17*0.098067 -> 69.821686 | Y17: =140/X17 -> 2.0051077 | Z17: =IF(X17>140,"NG","OK") -> OK | AB17: =(2*$V$6*(N17+R17)*(T17^4))/($V$3*U17+0.06146*$V$4*T17^3) -> 0.94476798 | AC17: =AB17/(F17/10) -> 0.0094476798 | AD17: =IF(AC17<0.05,"Ok","NG") -> Ok | AF17: =IF(H17>(F17/1000),2.5,3) -> 2.5 | AG17: =0.15+0.041*(AF17) -> 0.2525 | AH17: =(1/AF17)*((32*$AI$2*AG17*$AI$3*$V$3*U17/(F17/10)^3)^0.5) -> 2.8475325 | AI17: =N17+R17 -> 0.49393651 | AJ17: =IF(AH17>AI17,"ok","NG") -> ok

Sheet 변형율, 좌굴하중 검토
N1: 추가 계산인자 | O1: 흙마찰각 | P1: 30 | U1: 추가 계산인자 | V1: 후륜하중 | W1: 9600 | Y1: 추가 계산인자 | Z1: 형상계수 f | AA1: 1.5 | AF1: 외압에 의한 관체 변형량 | AG1: Δx = | AH1: 2 Kx (Wv + Wt) R⁴ | AK1: 추가 계산인자 | AL1: 부력계수 | AM1: =1 -> 1
F2: :직접 입력 | O2: 랭킨토압계수 | P2: =(1-SIN(RADIANS(30)))/(1+SIN(RADIANS(30))) -> 0.33333333 | V2: 후륜 중심간격 L | W2: 175 | Z2: 관 탄성계수 | AA2: 2100000 | AH2: E I + 0.06146 E' R³ | AL2: 흙 반력계수 | AM2: =AA3 -> 70
O3: 매설토와굴착면 | P3: =TAN(RADIANS(30)) -> 0.57735027 | V3: 분산각 | W3: 45 | Z3: 흙 반력계수 | AA3: 70
V4: 후륜 중심거리 c | W4: 100 | Z4: Kb | AA4: 0.157 | AB4: (기초지지각 90도) | AF4: 관체 변형율(%) | AG4: = Δx / 관경(D)×100
V5: 차량접지장 | W5: 20 | Z5: Kx | AA5: 0.096
V6: 후륜접지폭 | W6: 50
B7: [관체 변형율 및 좌굴하중에 의한 안전성검토]
B9: 계산 조건 | N9: 토압 | U9: 차량하중 | Y9: 외부하중에 의한 관 휨응력 | AF9: 관체 변형율(%) | AJ9: 외압에 의한 좌굴하중
B10: 관로 계통 | C10: 관로 구간 | D10: 세부 구간 | E10: 측점 (Sta.No) | F10: 관경 (mm) | G10: 관두께 (mm) | H10: 토피고 (m) | I10: 관중심고 (m) | J10: 기준점 동수두 (m) | K10: 손실수두 (m) | L10: 계산동수두 (m) | N10: 흙 단위중량 | O10: 굴착폭(B) | P10: Cd | Q10: 토압 (2m이하) | R10: 토압 (2m초과) | S10: 토압 We (kgf/㎠) | U10: 차량대수 i | V10: 충격계수 | W10: 차량하중 Wt (kgf/㎠) | Y10: 관 반경(cm) | Z10: 단면2차모멘트 I (㎤) | AA10: 단면계수 Z (㎤) | AB10: 외부 휨응력 (kgf/㎠) | AC10: 외부 휨응력 (mpa) | AD10: 만족 여부 | AF10: Δx (cm) | AG10: 변형율(%) | AH10: 만족 여부 | AJ10: 설계계수 (FS) | AK10: 기초계수 (B`) | AL10: 허용좌굴하중 (kgf/㎠) | AM10: 총 연직하중 (kgf/㎠) | AN10: 만족 여부
B11: ='내압에 의한 원주방향 응력 검토'!C5 -> 하안 송수 | C11: ='내압에 의한 원주방향 응력 검토'!D5 -> 01 | D11: ='내압에 의한 원주방향 응력 검토'!E5 -> 01 | E11: ='내압에 의한 원주방향 응력 검토'!F5 -> 18+22.78 | F11: =관로매설현황표!K4 -> 1000 | G11: ='내압에 의한 원주방향 응력 검토'!H5 -> 8 | H11: =관로매설현황표!M4 -> 4 | I11: ='2. 안전성 검토_계산조건'!J4 -> #REF! | J11: ='2. 안전성 검토_계산조건'!K4 -> #REF! | K11: ='2. 안전성 검토_계산조건'!L4 -> #REF! | L11: ='2. 안전성 검토_계산조건'!M4 -> #REF! | N11: 1800 | O11: =F11/10+40 -> 140 | P11: =(1-EXP(-2*$P$2*$P$3*$H11/($O11/100)))/(2*$P$2*P$3) -> 1.7330051 | Q11: =H11*N11/100^2 -> 0.72 | R11: =$P11*0.0018*O11 -> 0.43671728 | S11: =IF(H11>2,R11,Q11) -> 0.43671728 | U11: ='외압에 의한 원주방향 응력 검토'!P14 -> 8 | V11: =IF(H11>6.5,0.5,IF(H11>1.5,0.65-0.1*H11,IF(H11>=0,0.5))) -> 0.25 | W11: =(2*U11*$W$1*(1+V11))/((U11*$W$2+(U11-1)*$W$4+$W$6+2*(H11*100)*TAN($W$3*PI()/180))*($W$5+2*(H11*100)*TAN($W$3*PI()/180))) -> 0.079371641 | Y11: =F11/2*0.1 -> 50 | Z11: =(G11/10)^3/12 -> 0.042666667 | AA11: =(G11/10)^2/6 -> 0.10666667 | AB11: =(2/($AA$1*AA11))*(S11+W11)*($AA$4*Y11^2*$AA$2*Z11+(0.06146*$AA$4-0.08303*$AA$5)*$AA$3*Y11^5)/($AA$2*Z11+0.061*$AA$3*Y11^3) -> 743.91078 | AC11: =AB11*0.098067 -> 72.953098 | AD11: =IF(AC11>140,"NG","OK") -> OK | AF11: =(2*$AA$5*(S11+W11)*(Y11^4))/($AA$2*Z11+0.06146*$AA$3*Y11^3) -> 0.9871396 | AG11: =AF11/(F11/10) -> 0.009871396 | AH11: =IF(AG11<0.05,"Ok","NG") -> Ok | AJ11: =IF(H11>(F11/1000),2.5,3) -> 2.5 | AK11: =0.15+0.041*(AJ11) -> 0.2525 | AL11: =(1/AJ11)*((32*$AM$1*AK11*$AM$2*$AA$2*Z11/(F11/10)^3)^0.5) -> 2.8475325 | AM11: =S11+W11 -> 0.51608892 | AN11: =IF(AL11>AM11,"ok","NG") -> ok
B12: ='내압에 의한 원주방향 응력 검토'!C6 -> 하안 송수 | C12: ='내압에 의한 원주방향 응력 검토'!D6 -> 01 | D12: ='내압에 의한 원주방향 응력 검토'!E6 -> 02 | E12: ='내압에 의한 원주방향 응력 검토'!F6 -> 21+21.93 | F12: =관로매설현황표!K5 -> 1000 | G12: ='내압에 의한 원주방향 응력 검토'!H6 -> 8 | H12: =관로매설현황표!M5 -> 2.6 | I12: ='2. 안전성 검토_계산조건'!J5 -> #REF! | J12: ='2. 안전성 검토_계산조건'!K5 -> #REF! | K12: ='2. 안전성 검토_계산조건'!L5 -> #REF! | L12: ='2. 안전성 검토_계산조건'!M5 -> #REF! | N12: 1800 | O12: =F12/10+40 -> 140 | P12: =(1-EXP(-2*$P$2*$P$3*$H12/($O12/100)))/(2*$P$2*P$3) -> 1.3268822 | Q12: =H12*N12/100^2 -> 0.468 | R12: =$P12*0.0018*O12 -> 0.33437431 | S12: =IF(H12>2,R12,Q12) -> 0.33437431 | U12: ='외압에 의한 원주방향 응력 검토'!P15 -> 2 | V12: =IF(H12>6.5,0.5,IF(H12>1.5,0.65-0.1*H12,IF(H12>=0,0.5))) -> 0.39 | W12: =(2*U12*$W$1*(1+V12))/((U12*$W$2+(U12-1)*$W$4+$W$6+2*(H12*100)*TAN($W$3*PI()/180))*($W$5+2*(H12*100)*TAN($W$3*PI()/180))) -> 0.096906318 | Y12: =F12/2*0.1 -> 50 | Z12: =(G12/10)^3/12 -> 0.042666667 | AA12: =(G12/10)^2/6 -> 0.10666667 | AB12: =(2/($AA$1*AA12))*(S12+W12)*($AA$4*Y12^2*$AA$2*Z12+(0.06146*$AA$4-0.08303*$AA$5)*$AA$3*Y12^5)/($AA$2*Z12+0.061*$AA$3*Y12^3) -> 621.66478 | AC12: =AB12*0.098067 -> 60.9648 | AD12: =IF(AC12>140,"NG","OK") -> OK | AF12: =(2*$AA$5*(S12+W12)*(Y12^4))/($AA$2*Z12+0.06146*$AA$3*Y12^3) -> 0.8249241 | AG12: =AF12/(F12/10) -> 0.008249241 | AH12: =IF(AG12<0.05,"Ok","NG") -> Ok | AJ12: =IF(H12>(F12/1000),2.5,3) -> 2.5 | AK12: =0.15+0.041*(AJ12) -> 0.2525 | AL12: =(1/AJ12)*((32*$AM$1*AK12*$AM$2*$AA$2*Z12/(F12/10)^3)^0.5) -> 2.8475325 | AM12: =S12+W12 -> 0.43128063 | AN12: =IF(AL12>AM12,"ok","NG") -> ok
B13: ='내압에 의한 원주방향 응력 검토'!C7 -> 하안 송수 | C13: ='내압에 의한 원주방향 응력 검토'!D7 -> 01 | D13: ='내압에 의한 원주방향 응력 검토'!E7 -> 03 | E13: ='내압에 의한 원주방향 응력 검토'!F7 -> 25+30.81 | F13: =관로매설현황표!K6 -> 1000 | G13: ='내압에 의한 원주방향 응력 검토'!H7 -> 8 | H13: =관로매설현황표!M6 -> 2.3 | I13: ='2. 안전성 검토_계산조건'!J6 -> #REF! | J13: ='2. 안전성 검토_계산조건'!K6 -> #REF! | K13: ='2. 안전성 검토_계산조건'!L6 -> #REF! | L13: ='2. 안전성 검토_계산조건'!M6 -> #REF! | N13: 1800 | O13: =F13/10+40 -> 140 | P13: =(1-EXP(-2*$P$2*$P$3*$H13/($O13/100)))/(2*$P$2*P$3) -> 1.2175907 | Q13: =H13*N13/100^2 -> 0.41399999 | R13: =$P13*0.0018*O13 -> 0.30683286 | S13: =IF(H13>2,R13,Q13) -> 0.30683286 | U13: ='외압에 의한 원주방향 응력 검토'!P16 -> 2 | V13: =IF(H13>6.5,0.5,IF(H13>1.5,0.65-0.1*H13,IF(H13>=0,0.5))) -> 0.42000001 | W13: =(2*U13*$W$1*(1+V13))/((U13*$W$2+(U13-1)*$W$4+$W$6+2*(H13*100)*TAN($W$3*PI()/180))*($W$5+2*(H13*100)*TAN($W$3*PI()/180))) -> 0.11833334 | Y13: =F13/2*0.1 -> 50 | Z13: =(G13/10)^3/12 -> 0.042666667 | AA13: =(G13/10)^2/6 -> 0.10666667 | AB13: =(2/($AA$1*AA13))*(S13+W13)*($AA$4*Y13^2*$AA$2*Z13+(0.06146*$AA$4-0.08303*$AA$5)*$AA$3*Y13^5)/($AA$2*Z13+0.061*$AA$3*Y13^3) -> 612.8512 | AC13: =AB13*0.098067 -> 60.100478 | AD13: =IF(AC13>140,"NG","OK") -> OK | AF13: =(2*$AA$5*(S13+W13)*(Y13^4))/($AA$2*Z13+0.06146*$AA$3*Y13^3) -> 0.81322882 | AG13: =AF13/(F13/10) -> 0.0081322882 | AH13: =IF(AG13<0.05,"Ok","NG") -> Ok | AJ13: =IF(H13>(F13/1000),2.5,3) -> 2.5 | AK13: =0.15+0.041*(AJ13) -> 0.2525 | AL13: =(1/AJ13)*((32*$AM$1*AK13*$AM$2*$AA$2*Z13/(F13/10)^3)^0.5) -> 2.8475325 | AM13: =S13+W13 -> 0.42516619 | AN13: =IF(AL13>AM13,"ok","NG") -> ok
B14: ='내압에 의한 원주방향 응력 검토'!C8 -> 하안 송수 | C14: ='내압에 의한 원주방향 응력 검토'!D8 -> 01 | D14: ='내압에 의한 원주방향 응력 검토'!E8 -> 04 | E14: ='내압에 의한 원주방향 응력 검토'!F8 -> 33+6.86 | F14: =관로매설현황표!K7 -> 1000 | G14: ='내압에 의한 원주방향 응력 검토'!H8 -> 8 | H14: =관로매설현황표!M7 -> 1.7000001 | I14: ='2. 안전성 검토_계산조건'!J7 -> #REF! | J14: ='2. 안전성 검토_계산조건'!K7 -> #REF! | K14: ='2. 안전성 검토_계산조건'!L7 -> #REF! | L14: ='2. 안전성 검토_계산조건'!M7 -> #REF! | N14: 1800 | O14: =F14/10+40 -> 140 | P14: =(1-EXP(-2*$P$2*$P$3*$H14/($O14/100)))/(2*$P$2*P$3) -> 0.97001079 | Q14: =H14*N14/100^2 -> 0.30600001 | R14: =$P14*0.0018*O14 -> 0.24444272 | S14: =IF(H14>2,R14,Q14) -> 0.30600001 | U14: ='외압에 의한 원주방향 응력 검토'!P17 -> 2 | V14: =IF(H14>6.5,0.5,IF(H14>1.5,0.65-0.1*H14,IF(H14>=0,0.5))) -> 0.48 | W14: =(2*U14*$W$1*(1+V14))/((U14*$W$2+(U14-1)*$W$4+$W$6+2*(H14*100)*TAN($W$3*PI()/180))*($W$5+2*(H14*100)*TAN($W$3*PI()/180))) -> 0.1879365 | Y14: =F14/2*0.1 -> 50 | Z14: =(G14/10)^3/12 -> 0.042666667 | AA14: =(G14/10)^2/6 -> 0.10666667 | AB14: =(2/($AA$1*AA14))*(S14+W14)*($AA$4*Y14^2*$AA$2*Z14+(0.06146*$AA$4-0.08303*$AA$5)*$AA$3*Y14^5)/($AA$2*Z14+0.061*$AA$3*Y14^3) -> 711.97942 | AC14: =AB14*0.098067 -> 69.821686 | AD14: =IF(AC14>140,"NG","OK") -> OK | AF14: =(2*$AA$5*(S14+W14)*(Y14^4))/($AA$2*Z14+0.06146*$AA$3*Y14^3) -> 0.94476798 | AG14: =AF14/(F14/10) -> 0.0094476798 | AH14: =IF(AG14<0.05,"Ok","NG") -> Ok | AJ14: =IF(H14>(F14/1000),2.5,3) -> 2.5 | AK14: =0.15+0.041*(AJ14) -> 0.2525 | AL14: =(1/AJ14)*((32*$AM$1*AK14*$AM$2*$AA$2*Z14/(F14/10)^3)^0.5) -> 2.8475325 | AM14: =S14+W14 -> 0.49393651 | AN14: =IF(AL14>AM14,"ok","NG") -> ok

Sheet ◆내외압에 의한 응력 안전율 결과 정리
L1: [구조적 안전성 검토 간략 결과표]
C2: (Sta.No) | J2: 구간 | M2: 위치 (Sta. No.) | N2: 관경 | O2: 내압작용 | Q2: 외압작용 | X2: 안전성 검토
Q3: 외압 원주방향 응력 | S3: 외압에 의한 변형률 | U3: 외압에 의한 좌굴하중
B4: 구 간 | C4: 측점 | F4: 관경 | G4: 관두께 | H4: 토피고 (매설깊이) | J4: 관로 계통 | K4: 관로 구간 | L4: 세부 구간 | O4: 발생 휨응력 (Mpa) | P4: 내압 안전계수 | Q4: 발생휨응력 (Mpa) | R4: 외압 안전계수 | S4: 발생 변형률 (%) | T4: 변형률 안전계수 | U4: 허용 좌굴하중 (Mpa) | V4: 발생 좌굴하중 (Mpa) | W4: 좌굴하중 안전율
A5: ='2. 안전성 검토_계산조건'!B4 -> 2 | B5: ='2. 안전성 검토_계산조건'!C4 -> A-01 | C5: =관로매설현황표!D4 -> 18 | D5: =관로매설현황표!E4 -> + | E5: =관로매설현황표!F4 -> 22.78 | F5: =관로매설현황표!K4 -> 1000 | G5: ='내압에 의한 원주방향 응력 검토'!H5 -> 8 | H5: =관로매설현황표!M4 -> 4 | J5: =관로매설현황표!A4 -> 하안 송수 | K5: =관로매설현황표!B4 -> 01 | L5: =관로매설현황표!C4 -> 01 | M5: =_xlfn.CONCAT(C5,D5,E5) -> 18+22.78 | N5: =F5 -> 1000 | O5: ='내압에 의한 원주방향 응력 검토'!J5 -> 43.75 | P5: ='내압에 의한 원주방향 응력 검토'!L5 -> 3.2 | Q5: ='외압에 의한 원주방향 응력 검토'!X14 -> 72.953098 | R5: =140/Q5 -> 1.9190412 | S5: ='외압에 의한 원주방향 응력 검토'!AC14 -> 0.009871396 | T5: =0.05/S5 -> 5.0651397 | U5: ='외압에 의한 원주방향 응력 검토'!AH14/10.19 -> 0.27944382 | V5: ='외압에 의한 원주방향 응력 검토'!AI14/10.19 -> 0.050646607 | W5: =U5/V5 -> 5.5175231 | X5: OK
A6: ='2. 안전성 검토_계산조건'!B5 -> 3 | B6: ='2. 안전성 검토_계산조건'!C5 -> A-01 | C6: =관로매설현황표!D5 -> 21 | D6: =관로매설현황표!E5 -> + | E6: =관로매설현황표!F5 -> 21.93 | F6: =관로매설현황표!K5 -> 1000 | G6: ='내압에 의한 원주방향 응력 검토'!H6 -> 8 | H6: =관로매설현황표!M5 -> 2.6 | J6: =관로매설현황표!A5 -> 하안 송수 | K6: =관로매설현황표!B5 -> 01 | L6: =관로매설현황표!C5 -> 02 | M6: =_xlfn.CONCAT(C6,D6,E6) -> 21+21.93 | N6: =F6 -> 1000 | O6: ='내압에 의한 원주방향 응력 검토'!J6 -> 43.75 | P6: ='내압에 의한 원주방향 응력 검토'!L6 -> 3.2 | Q6: ='외압에 의한 원주방향 응력 검토'!X15 -> 60.9648 | R6: =140/Q6 -> 2.2964071 | S6: ='외압에 의한 원주방향 응력 검토'!AC15 -> 0.008249241 | T6: =0.05/S6 -> 6.0611637 | U6: ='외압에 의한 원주방향 응력 검토'!AH15/10.19 -> 0.27944382 | V6: ='외압에 의한 원주방향 응력 검토'!AI15/10.19 -> 0.042323909 | W6: =U6/V6 -> 6.6025051 | X6: OK
A7: ='2. 안전성 검토_계산조건'!B6 -> 4 | B7: ='2. 안전성 검토_계산조건'!C6 -> A-02 | C7: =관로매설현황표!D6 -> 25 | D7: =관로매설현황표!E6 -> + | E7: =관로매설현황표!F6 -> 30.81 | F7: =관로매설현황표!K6 -> 1000 | G7: ='내압에 의한 원주방향 응력 검토'!H7 -> 8 | H7: =관로매설현황표!M6 -> 2.3 | J7: =관로매설현황표!A6 -> 하안 송수 | K7: =관로매설현황표!B6 -> 01 | L7: =관로매설현황표!C6 -> 03 | M7: =_xlfn.CONCAT(C7,D7,E7) -> 25+30.81 | N7: =F7 -> 1000 | O7: ='내압에 의한 원주방향 응력 검토'!J7 -> 43.75 | P7: ='내압에 의한 원주방향 응력 검토'!L7 -> 3.2 | Q7: ='외압에 의한 원주방향 응력 검토'!X16 -> 60.100478 | R7: =140/Q7 -> 2.3294324 | S7: ='외압에 의한 원주방향 응력 검토'!AC16 -> 0.0081322882 | T7: =0.05/S7 -> 6.148331 | U7: ='외압에 의한 원주방향 응력 검토'!AH16/10.19 -> 0.27944382 | V7: ='외압에 의한 원주방향 응력 검토'!AI16/10.19 -> 0.041723866 | W7: =U7/V7 -> 6.6974576 | X7: OK
A8: ='2. 안전성 검토_계산조건'!B7 -> 5 | B8: ='2. 안전성 검토_계산조건'!C7 -> A-02 | C8: =관로매설현황표!D7 -> 33 | D8: =관로매설현황표!E7 -> + | E8: =관로매설현황표!F7 -> 6.86 | F8: =관로매설현황표!K7 -> 1000 | G8: ='내압에 의한 원주방향 응력 검토'!H8 -> 8 | H8: =관로매설현황표!M7 -> 1.7000001 | J8: =관로매설현황표!A7 -> 하안 송수 | K8: =관로매설현황표!B7 -> 01 | L8: =관로매설현황표!C7 -> 04 | M8: =_xlfn.CONCAT(C8,D8,E8) -> 33+6.86 | N8: =F8 -> 1000 | O8: ='내압에 의한 원주방향 응력 검토'!J8 -> 43.75 | P8: ='내압에 의한 원주방향 응력 검토'!L8 -> 3.2 | Q8: ='외압에 의한 원주방향 응력 검토'!X17 -> 69.821686 | R8: =140/Q8 -> 2.0051077 | S8: ='외압에 의한 원주방향 응력 검토'!AC17 -> 0.0094476798 | T8: =0.05/S8 -> 5.2923047 | U8: ='외압에 의한 원주방향 응력 검토'!AH17/10.19 -> 0.27944382 | V8: ='외압에 의한 원주방향 응력 검토'!AI17/10.19 -> 0.04847267 | W8: =U8/V8 -> 5.7649769 | X8: OK
