Workbook
Name b_1: [2]가정단면!$Q$28

Sheet 검토결과 요약(인쇄X)
K5: 상시 | L5: 지진시 | M5: 합계 | N5: 허용 | O5: 평가결과
A6: 1 | B6: =#REF! -> #REF! | C6: =#REF! -> #REF! | D6: =#REF! -> #REF! | E6: =#REF! -> #REF! | F6: =#REF! -> #REF! | G6: =#REF! -> #REF! | H6: =#REF! -> #REF! | I6: =#REF! -> #REF! | ... N6: =#REF! -> #REF! | O6: =IF(N6/M6<1,"NG","OK") -> #REF!
A7: 2 | B7: =#REF! -> #REF! | C7: =#REF! -> #REF! | D7: =#REF! -> #REF! | E7: =#REF! -> #REF! | F7: =#REF! -> #REF! | G7: =#REF! -> #REF! | H7: =#REF! -> #REF! | I7: =#REF! -> #REF! | ... N7: =#REF! -> #REF! | O7: =IF(N7/M7<1,"NG","OK") -> #REF!
A8: 3 | B8: =#REF! -> #REF! | C8: =#REF! -> #REF! | D8: =#REF! -> #REF! | E8: =#REF! -> #REF! | F8: =#REF! -> #REF! | G8: =#REF! -> #REF! | H8: =#REF! -> #REF! | I8: =#REF! -> #REF! | ... N8: =#REF! -> #REF! | O8: =IF(N8/M8<1,"NG","OK") -> #REF!
A9: 17 | B9: ='하안송수관로 01(01)'!$AA$1 -> 0 | C9: ='하안송수관로 01(01)'!$AB$1 -> 0 | D9: ='하안송수관로 01(01)'!$N$314 -> 3 | E9: ='하안송수관로 01(01)'!$N$317 -> 0.154 | F9: ='하안송수관로 01(01)'!$N$318 -> 0.245 | G9: =#REF! -> #REF! | H9: =#REF! -> #REF! | I9: =#REF! -> #REF! | J9: =#REF! -> #REF! | K9: ='하안송수관로 01(01)'!$AF$327 -> 0.039349429 | L9: ='하안송수관로 01(01)'!$AG$327 -> 0.017609984 | M9: ='하안송수관로 01(01)'!$AH$327 -> 0.056959413 | N9: ='하안송수관로 01(01)'!$AI$327 -> 0.368 | O9: =IF(N9/M9<1,"NG","OK") -> OK

Sheet 하안송수관로 01(01)
A1: ■ 하안 송수관로 01(01) Sta. No. 4+15.0 강관 내진안전성평가
A3: 1) 관체 제원 및 설계조건
B4: - 설계내압(P) | J4: = | K4: 1.733 | O4: MPa | Q4: = | R4: =K4*1000 -> 1733 | W4: kN/m2
B5: - 매설깊이(h) | J5: = | K5: 4 | O5: m | P5: >>> | R5: 관중심 심도(z) = | V5: =ROUND(K5+R14/2,3) -> 4.5 | Z5: m
B6: - 흙의 단위중량(γ) | J6: = | K6: 19 | O6: kN/m2
B7: - 온도변화(T) | J7: = | K7: 20 | O7: ℃
B8: - 기반암 심도(H) | J8: = | K8: =K74 -> 12 | O8: m
B9: - 차량하중(Pm) | J9: = | K9: 없음 | P9: >>> | R9: =IF(K9="없음",0,IF(K9="DB-24",96,IF(K9="DB-18",72,54))) -> 0 | V9: kN/輪
B10: - 연약지반구간(Lδ) | J10: = | K10: 0 | O10: m | P10: , | Q10: 성토높이(h") | T10: = | U10: 0 | Y10: m
B12: E | C12: (관의 탄성계수) | J12: = | K12: 210000 | O12: MPa | Q12: = | R12: =K12*1000 -> 210000000 | W12: kN/m2
B13: t | C13: (관두께) | J13: = | K13: 8 | O13: mm | Q13: = | R13: =K13/1000 -> 0.008 | V13: m
B14: D | C14: (관외경) | J14: = | K14: 1000 | O14: mm | Q14: = | R14: =K14/1000 -> 1 | V14: m
B15: len | C15: (관길이) | J15: = | K15: 6000 | O15: mm | Q15: = | R15: =K15/1000 -> 6 | V15: m
B16: A | C16: (강관의 단면적) | J16: = | K16: =PI()*(K14-K13)*K13 -> 24931.679 | O16: mm2 | Q16: = | R16: =K16*10^-6 -> 0.024931679 | V16: m2
B17: I | C17: (강관의 단면2차모멘트) | J17: = | K17: =((PI()*(K14)^4)/64)-((PI()*(K14-K13*2)^4)/64) -> 3.0669955e+09 | O17: mm4 | Q17: = | R17: =K17*10^-12 -> 0.0030669955 | V17: m4
B19: - 지반정보 | E19: (수도권 광역상수도 안정화사업 실시설계)
B20: ∙ 매설관로에 인접한 위치의 지반조사 자료(시추조사, 표준관입시험, 다운홀 테스트 등)를 활용함
B21: ∙ 토층별 전단파 속도 데이터가 없을 경우, 표준관입시험 관입저항치(SPT-N치)를 전단파 속도로 변환하며, | AB21: <<< | AC21: 연암층, 경암층 보통암층은 기반암으로 적용
B22: 변환에는 국내 지반에 대해 제안된 상관관계식(Sun et al. 2013) Vs=65.64 × N0.407(m/sec)을 활용하여 산정함 | AB22: <<< | AC22: 토피고 제외 벽체 옆 층은 최대까지 2개까지 분류
B24: 토 층 | F24: 층두께(m) | I24: N치 | L24: 환산N치 | O24: 초기전단파 속도 (Vsi, m/s) | S24: di/Vsi | V24: 비 고 | AC24: 직접입력
B25: 매립층 | F25: 6.5 | I25: 3 | J25: / | K25: 30 | L25: =IFERROR(IF(K25=30,I25,IF((50*30/K25)>=300,"300",50*30/K25)),"") -> 3 | O25: =IF(OR(AC25="",AC25=0),IFERROR(ROUND(65.64*L25^0.407,2),IF(OR(B25="연암층",B25="경암층",B25="보통암층",B25="기반암층"),760,"")),AC25) -> 102.65 | S25: =IFERROR(F25/O25,"-") -> 0.063321968 | AA25: =F25 -> 6.5
B26: 퇴적층 | F26: 1.1 | I26: 47 | J26: / | K26: 30 | L26: =IFERROR(IF(K26=30,I26,IF((50*30/K26)>=300,"300",50*30/K26)),"") -> 47 | O26: =IF(OR(AC26="",AC26=0),IFERROR(ROUND(65.64*L26^0.407,2),IF(OR(B26="연암층",B26="경암층",B26="보통암층",B26="기반암층"),760,"")),AC26) -> 314.57 | S26: =IFERROR(F26/O26,"-") -> 0.003496837 | AA26: =F26+AA25 -> 7.6
B27: 풍화토층 | F27: 4.4 | I27: 47 | J27: / | K27: 30 | L27: =IFERROR(IF(K27=30,I27,IF((50*30/K27)>=300,"300",50*30/K27)),"") -> 47 | O27: =IF(OR(AC27="",AC27=0),IFERROR(ROUND(65.64*L27^0.407,2),IF(OR(B27="연암층",B27="경암층",B27="보통암층",B27="기반암층"),760,"")),AC27) -> 314.57 | S27: =IFERROR(F27/O27,"-") -> 0.013987348 | AA27: =F27+AA26 -> 12
L28: =IFERROR(IF(K28=30,I28,IF((50*30/K28)>=300,"300",50*30/K28)),"") | O28: =IF(OR(AC28="",AC28=0),IFERROR(ROUND(65.64*L28^0.407,2),IF(OR(B28="연암층",B28="경암층",B28="보통암층",B28="기반암층"),760,"")),AC28) | S28: =IFERROR(F28/O28,"-") -> - | AA28: =F28+AA27 -> 12
L29: =IFERROR(IF(K29=30,I29,IF((50*30/K29)>=300,"300",50*30/K29)),"") | O29: =IF(OR(AC29="",AC29=0),IFERROR(ROUND(65.64*L29^0.407,2),IF(OR(B29="연암층",B29="경암층",B29="보통암층",B29="기반암층"),760,"")),AC29) | S29: =IFERROR(F29/O29,"-") -> - | AA29: =F29+AA28 -> 12
L30: =IFERROR(IF(K30=30,I30,IF((50*30/K30)>=300,"300",50*30/K30)),"") | O30: =IF(OR(AC30="",AC30=0),IFERROR(ROUND(65.64*L30^0.407,2),IF(OR(B30="연암층",B30="경암층",B30="보통암층",B30="기반암층"),760,"")),AC30) | S30: =IFERROR(F30/O30,"-") -> - | AA30: =F30+AA29 -> 12
J31: / | L31: =IFERROR(IF(K31=30,I31,IF((50*30/K31)>=300,"300",50*30/K31)),"") | O31: =IF(OR(AC31="",AC31=0),IFERROR(ROUND(65.64*L31^0.407,2),IF(OR(B31="연암층",B31="경암층",B31="보통암층",B31="기반암층"),760,"")),AC31) | S31: =IFERROR(F31/O31,"-") -> - | AA31: =F31+AA30 -> 12
J32: / | L32: =IFERROR(IF(K32=30,I32,IF((50*30/K32)>=300,"300",50*30/K32)),"") | O32: =IF(OR(AC32="",AC32=0),IFERROR(ROUND(65.64*L32^0.407,2),IF(OR(B32="연암층",B32="경암층",B32="보통암층",B32="기반암층"),760,"")),AC32) | S32: =IFERROR(F32/O32,"-") -> - | AA32: =F32+AA31 -> 12
J33: / | L33: =IFERROR(IF(K33=30,I33,IF((50*30/K33)>=300,"300",50*30/K33)),"") | O33: =IF(OR(AC33="",AC33=0),IFERROR(ROUND(65.64*L33^0.407,2),IF(OR(B33="연암층",B33="경암층",B33="보통암층",B33="기반암층"),760,"")),AC33) | S33: =IFERROR(F33/O33,"-") -> - | AA33: =F33+AA32 -> 12
J34: / | L34: =IFERROR(IF(K34=30,I34,IF((50*30/K34)>=300,"300",50*30/K34)),"") | O34: =IF(OR(AC34="",AC34=0),IFERROR(ROUND(65.64*L34^0.407,2),IF(OR(B34="연암층",B34="경암층",B34="보통암층",B34="기반암층"),760,"")),AC34) | S34: =IFERROR(F34/O34,"-") -> -
J35: / | L35: =IFERROR(IF(K35=30,I35,IF((50*30/K35)>=300,"300",50*30/K35)),"") | O35: =IF(OR(AC35="",AC35=0),IFERROR(ROUND(65.64*L35^0.407,2),IF(OR(B35="연암층",B35="경암층",B35="보통암층",B35="기반암층"),760,"")),AC35) | S35: =IFERROR(F35/O35,"-") -> -
J36: / | L36: =IFERROR(IF(K36=30,I36,IF((50*30/K36)>=300,"300",50*30/K36)),"") | O36: =IF(OR(AC36="",AC36=0),IFERROR(ROUND(65.64*L36^0.407,2),IF(OR(B36="연암층",B36="경암층",B36="보통암층",B36="기반암층"),760,"")),AC36) | S36: =IFERROR(F36/O36,"-") -> -
J37: / | L37: =IFERROR(IF(K37=30,I37,IF((50*30/K37)>=300,"300",50*30/K37)),"") | O37: =IF(OR(AC37="",AC37=0),IFERROR(ROUND(65.64*L37^0.407,2),IF(OR(B37="연암층",B37="경암층",B37="보통암층",B37="기반암층"),760,"")),AC37) | S37: =IFERROR(F37/O37,"-") -> -
J38: / | L38: =IFERROR(IF(K38=30,I38,IF((50*30/K38)>=300,"300",50*30/K38)),"") | O38: =IF(OR(AC38="",AC38=0),IFERROR(ROUND(65.64*L38^0.407,2),IF(OR(B38="연암층",B38="경암층",B38="보통암층",B38="기반암층"),760,"")),AC38) | S38: =IFERROR(F38/O38,"-") -> -
J39: / | L39: =IFERROR(IF(K39=30,I39,IF((50*30/K39)>=300,"300",50*30/K39)),"") | O39: =IF(OR(AC39="",AC39=0),IFERROR(ROUND(65.64*L39^0.407,2),IF(OR(B39="연암층",B39="경암층",B39="보통암층",B39="기반암층"),760,"")),AC39) | S39: =IFERROR(F39/O39,"-") -> -
J40: / | L40: =IFERROR(IF(K40=30,I40,IF((50*30/K40)>=300,"300",50*30/K40)),"") | O40: =IF(OR(AC40="",AC40=0),IFERROR(ROUND(65.64*L40^0.407,2),IF(OR(B40="연암층",B40="경암층",B40="보통암층",B40="기반암층"),760,"")),AC40) | S40: =IFERROR(F40/O40,"-") -> -
B41: ※ 표준관입시험 시 단단한 암질에 도달하여 항타수가 50에 이르러도 30cm 깊이를 관입하지 못할 경우
B42: 50타수 이상의 N값은 선형적인 비례관계를 토대로 30cm 두께 관입 시 N값으로 환산함
B43: (이때 환산 N치의 최대값은 300으로 함)
B44: ※ 통상 N치 50이상의 암반층(연암 이상)은 N값 측정이 어려움으로, 암반층의 물성치가 명확하지
B45: 않을 경우 문헌에 따라 기반암은 전단파속도 760m/sec 이상으로 적용 함
A47: 2) 설계지진력 산정
B48: ( 1 ) 소요내진성능수준 : | H48: 기능수행수준, 붕괴방지수준
B50: ( 2 ) 지진구역 및 구역계수(Z)
B51: 지진구역 | E51: 행 정 구 역 | T51: 구역계수
B52: I | E52: 시 | G52: 서울특별시, 인천광역시, 대전광역시, 부산광역시, 대구광역시 울산광역시, 광주광역시, 세종특별자치시 | T52: 0.11
E54: 도 | G54: 경기도, 강원도 남부 , 충청북도, 충청남도, 경상북도, 경상남도, 전라북도, 전라남도
B56: II | E56: 도 | G56: 강원도 북부, 제주특별자치도 | T56: 0.07
B59: ( 3 ) 상수도 시설물의 내진등급과 설계지진
B60: 내진등급 | G60: 구 분 | T60: 재현주기
T61: 기능수행 | W61: 붕괴방지
B62: 내진1등급 | G62: 대체시설이 없는 송․배수 간선시설, 중요시설과 연결된 급수공급관로, 복구 난이도가 높은 환경에 놓이는 시설, 지진재해시 긴급대처 거점시설, 중대한 2 차 재해를 유발시킬 가능성이 있는 시설 등 | T62: 100년 | W62: 1,000년
B66: 내진2등급 | G66: 내진Ⅰ등급 이외의 시설 | T66: 50년 | W66: 500년
B69: ( 4 ) 위험도계수(I)
B70: 재현주기 | E70: 50년 | H70: 100년 | K70: 200년 | N70: 500년 | Q70: 1,000년 | T70: 2,400년 | W70: 4,800년
B71: 위험도 계수 | E71: 0.4 | H71: 0.57 | K71: 0.73 | N71: 1 | Q71: 1.4 | T71: 2 | W71: 2.6
B73: ( 5 ) 지반분류
B74: ∙ 기반암 심도 | J74: : | K74: =SUMIF(N78:Q84,"<760",J78:M84) -> 12 | N74: m | O74: =IF(K74>20,"(기반암 깊이 20m 초과)","") | AB74: 관중심 심도 | AD74: =V5 -> 4.5
B75: ∙ 표층지반 평균 전단파 속도(Vs) | J75: : | K75: =K74/SUMIF(N78:N84,"<760",R78:R84) -> 148.49647 | N75: m/sec
B76: 토 층 | F76: 심도 (GL.(-) m) | J76: 층두께 (m) | N76: 초기전단파속도 Vsi (m/s) | R76: di / Vsi | V76: TG (sec) | AB76: 토층 | AC76: 토층 높이 | AD76: 평균 전단파속도
B78: =IF(AB78=0,"",AB78) -> 매립층 | F78: =IF(B78="","",J78) -> 6.5 | J78: =AC78 -> 6.5 | N78: =AD78 -> 102.65 | R78: =IF(B78="","",ROUND(J78/N78,5)) -> 0.06332 | V78: =IF(B78="","",ROUND(4*J78/N78,3)) -> 0.253 | AB78: {=IFERROR(INDEX($B$25:$B$40,MATCH(0,COUNTIFS(AB$76:$AB77,$B$25:$B$40),0)),"")} -> 매립층 | AC78: =IF(OR(AB78="",AB78=0),"",SUMIF($B$25:$B$40,AB78,$F$25:$F$40)) -> 6.5 | AD78: =IFERROR(SUMIF($B$25:$B$40,AB78,$F$25:$F$40)/SUMIF($B$25:$B$40,AB78,$S$25:$S$40),"") -> 102.65
B79: =IF(AB79=0,"",AB79) -> 퇴적층 | F79: =IF(B79="","",F78+J79) -> 7.6 | J79: =AC79 -> 1.1 | N79: =AD79 -> 314.57 | R79: =IF(B79="","",ROUND(J79/N79,5)) -> 0.0035 | V79: =IF(B79="","",ROUND(4*J79/N79,3)) -> 0.014 | AB79: {=IFERROR(INDEX($B$25:$B$40,MATCH(0,COUNTIFS(AB$76:$AB78,$B$25:$B$40),0)),"")} -> 퇴적층 | AC79: =IF(OR(AB79="",AB79=0),"",SUMIF($B$25:$B$40,AB79,$F$25:$F$40)) -> 1.1 | AD79: =IFERROR(SUMIF($B$25:$B$40,AB79,$F$25:$F$40)/SUMIF($B$25:$B$40,AB79,$S$25:$S$40),"") -> 314.57
B80: =IF(AB80=0,"",AB80) -> 풍화토층 | F80: =IF(B80="","",F79+J80) -> 12 | J80: =AC80 -> 4.4 | N80: =AD80 -> 314.57 | R80: =IF(B80="","",ROUND(J80/N80,5)) -> 0.01399 | V80: =IF(B80="","",ROUND(4*J80/N80,3)) -> 0.056 | AB80: {=IFERROR(INDEX($B$25:$B$40,MATCH(0,COUNTIFS(AB$76:$AB79,$B$25:$B$40),0)),"")} -> 풍화토층 | AC80: =IF(OR(AB80="",AB80=0),"",SUMIF($B$25:$B$40,AB80,$F$25:$F$40)) -> 4.4 | AD80: =IFERROR(SUMIF($B$25:$B$40,AB80,$F$25:$F$40)/SUMIF($B$25:$B$40,AB80,$S$25:$S$40),"") -> 314.57
B81: =IF(AB81=0,"",AB81) | F81: =IF(B81="","",F80+J81) | J81: =AC81 | N81: =AD81 | R81: =IF(B81="","",ROUND(J81/N81,5)) | V81: =IF(B81="","",ROUND(4*J81/N81,3)) | AB81: {=IFERROR(INDEX($B$25:$B$40,MATCH(0,COUNTIFS(AB$76:$AB80,$B$25:$B$40),0)),"")} -> 0 | AC81: =IF(OR(AB81="",AB81=0),"",SUMIF($B$25:$B$40,AB81,$F$25:$F$40)) | AD81: =IFERROR(SUMIF($B$25:$B$40,AB81,$F$25:$F$40)/SUMIF($B$25:$B$40,AB81,$S$25:$S$40),"")
B82: =IF(AB82=0,"",AB82) | F82: =IF(B82="","",F81+J82) | J82: =AC82 | N82: =AD82 | R82: =IF(B82="","",ROUND(J82/N82,5)) | V82: =IF(B82="","",ROUND(4*J82/N82,3)) | AB82: {=IFERROR(INDEX($B$25:$B$40,MATCH(0,COUNTIFS(AB$76:$AB81,$B$25:$B$40),0)),"")} | AC82: =IF(OR(AB82="",AB82=0),"",SUMIF($B$25:$B$40,AB82,$F$25:$F$40)) | AD82: =IFERROR(SUMIF($B$25:$B$40,AB82,$F$25:$F$40)/SUMIF($B$25:$B$40,AB82,$S$25:$S$40),"")
B83: =IF(AB83=0,"",AB83) | F83: =IF(B83="","",F82+J83) | J83: =AC83 | N83: =AD83 | R83: =IF(B83="","",ROUND(J83/N83,5)) | V83: =IF(B83="","",ROUND(4*J83/N83,3)) | AB83: {=IFERROR(INDEX($B$25:$B$40,MATCH(0,COUNTIFS(AB$76:$AB82,$B$25:$B$40),0)),"")} | AC83: =IF(OR(AB83="",AB83=0),"",SUMIF($B$25:$B$40,AB83,$F$25:$F$40)) | AD83: =IFERROR(SUMIF($B$25:$B$40,AB83,$F$25:$F$40)/SUMIF($B$25:$B$40,AB83,$S$25:$S$40),"")
B84: =IF(AB84=0,"",AB84) | F84: =IF(B84="","",F83+J84) | J84: =AC84 | N84: =AD84 | R84: =IF(B84="","",ROUND(J84/N84,5)) | V84: =IF(B84="","",ROUND(4*J84/N84,3)) | AB84: {=IFERROR(INDEX($B$25:$B$40,MATCH(0,COUNTIFS(AB$76:$AB83,$B$25:$B$40),0)),"")} | AC84: =IF(OR(AB84="",AB84=0),"",SUMIF($B$25:$B$40,AB84,$F$25:$F$40)) | AD84: =IFERROR(SUMIF($B$25:$B$40,AB84,$F$25:$F$40)/SUMIF($B$25:$B$40,AB84,$S$25:$S$40),"")
B85: ※ 표층지반은 기반면에서 지표면까지를 의미하며, 기반암의 심도가 20m를 초과하여 기반암의 위치를
B86: 확인 불가능 할 경우에는 표층지반 평균 전단파 속도를 지표면 하부 20m까지의 평균 전단파 속도로 산정함
B88: ∙ 비선형성을 고려한 표층지반의 평균 전단파속도(VDS) | O88: : | P88: =K74/SUMIF(R91:R97,"<760",V91:V97) -> 118.81188 | S88: m/sec
B89: 토 층 | F89: 심도 (GL.(-) m) | J89: 층두께 (m) | N89: C | R89: 설계전단파속도 Vsi (m/s) | V89: di / Vsi
B91: =B78 -> 매립층 | F91: =F78 -> 6.5 | J91: =J78 -> 6.5 | N91: =IF(N78="","",IF(N78<360,0.8,1)) -> 0.8 | R91: =IF(N78="","",ROUND(N78*N91,2)) -> 82.12 | V91: =IF(B91="","",ROUND(J91/R91,5)) -> 0.07915
B92: =B79 -> 퇴적층 | F92: =F79 -> 7.6 | J92: =J79 -> 1.1 | N92: =IF(N79="","",IF(N79<360,0.8,1)) -> 0.8 | R92: =IF(N79="","",ROUND(N79*N92,2)) -> 251.66 | V92: =IF(B92="","",ROUND(J92/R92,5)) -> 0.00437
B93: =B80 -> 풍화토층 | F93: =F80 -> 12 | J93: =J80 -> 4.4 | N93: =IF(N80="","",IF(N80<360,0.8,1)) -> 0.8 | R93: =IF(N80="","",ROUND(N80*N93,2)) -> 251.66 | V93: =IF(B93="","",ROUND(J93/R93,5)) -> 0.01748
B94: =B81 | F94: =F81 | J94: =J81 | N94: =IF(N81="","",IF(N81<360,0.8,1)) | R94: =IF(N81="","",ROUND(N81*N94,2)) | V94: =IF(B94="","",ROUND(J94/R94,5))
B95: =B82 | F95: =F82 | J95: =J82 | N95: =IF(N82="","",IF(N82<360,0.8,1)) | R95: =IF(N82="","",ROUND(N82*N95,2)) | V95: =IF(B95="","",ROUND(J95/R95,5))
B96: =B83 | F96: =F83 | J96: =J83 | N96: =IF(N83="","",IF(N83<360,0.8,1)) | R96: =IF(N83="","",ROUND(N83*N96,2)) | V96: =IF(B96="","",ROUND(J96/R96,5))
B97: =B84 | F97: =F84 | J97: =J84 | N97: =IF(N84="","",IF(N84<360,0.8,1)) | R97: =IF(N84="","",ROUND(N84*N97,2)) | V97: =IF(B97="","",ROUND(J97/R97,5))
B98: ※ 지반변형에 대한 보정계수(C) : 0.8 (Vsi < 360 m/s), 1.0 (Vsi ≥ 360 m/s)
B100: ∙ 구조물 기초 기준 지반분류
B101: 지반종류 | F101: 지반종류의 호칭 | M101: 분류기준
M102: 기반암, 깊이, H(m) | S102: 토층 평균 전단파속도(m/s) | AB102: 지반분류 | AC102: =IF(K74<1,1,IF(AND(K74>=1,K74<20,K75>=260),2,IF(AND(K74>=1,K74<20,K75<260),3,IF(AND(K74>=20,K75>=180),4,5)))) -> 3
B103: S1 | F103: 암반 지반 | M103: 1 미만 | S103: -
B104: S2 | F104: 얕고 단단한 지반 | M104: 1~20 이하 | S104: 260 이상
B105: S3 | F105: 얕고 연약한 지반 | S105: 260 미만
B106: S4 | F106: 깊고 단단한 지반 | M106: 20 초과 | S106: 180 이상
B107: S5 | F107: 깊고 연약한 지반 | S107: 180 미만
B108: S6 | F108: 부지 고유의 특성 평가 및 지반응답해석이 요구되는 지반
B109: ※ 여기서 기반암이란, 전단파속도 760m/s 이상을 나타내는 지층
B110: ※ 기반암 깊이와 무관하게 토층평균전단파속도가 120m/s 이하인 지반은 S5지반으로 분류함
B112: ( 6 ) 지반증폭계수
B113: ① 기능수행 수준
B114: ∙ S | D114: (유효수평지반가속도) = Z(구역계수) × I(위험도계수) | P114: = | Q114: 0.11 | S114: x | T114: 0.57 | V114: = | W114: =Q114*T114 -> 0.0627 | Y114: g
B115: ∙ Fa | D115: (단주기 증폭계수) | H115: = | I115: =IF($AC$102=1,1,IF(AC102=2,1.4,IF(AC102=3,1.7,IF(AC102=4,1.6,1.8)))) -> 1.7
B116: ∙ Fv | D116: (장주기 증폭계수) | H116: = | I116: =IF($AC$102=1,1,IF(AC102=2,1.5,IF(AC102=3,1.7,IF(AC102=4,2.2,3)))) -> 1.7
B118: ② 붕괴방지 수준
B119: ∙ S | D119: (유효수평지반가속도) = Z(구역계수) × I(위험도계수) | P119: = | Q119: 0.11 | S119: x | T119: 1.4 | V119: = | W119: =Q119*T119 -> 0.154 | Y119: g
B120: ∙ Fa | D120: (단주기 증폭계수)
D121: = | E121: =IF(AB121<0.2,AC121,AC122) -> 1.7 | G121: + | H121: ( | I121: =IF(AB121<0.2,AD121,AD122) -> 1.5 | K121: - | L121: =IF(AB121<0.2,AE121,AE122) -> 1.7 | N121: ) | O121: x | P121: ( | Q121: =W119 -> 0.154 | S121: - | T121: =IF(AB121<0.2,AI121,AI122) -> 0.1 | V121: ) | W121: = | X121: =E121+((I121-L121)/(I122-L122))*(Q121-T121) -> 1.592 | AB121: =W119 -> 0.154 | AC121: =IF($AC$102=1,1,IF(AC102=2,1.4,IF(AC102=3,1.7,IF(AC102=4,1.6,1.8)))) -> 1.7 | AD121: =IF($AC$102=1,1,IF(AC102=2,1.4,IF(AC102=3,1.5,IF(AC102=4,1.4,1.3)))) -> 1.5 | AE121: =IF($AC$102=1,1,IF(AC102=2,1.4,IF(AC102=3,1.7,IF(AC102=4,1.6,1.8)))) -> 1.7 | AF121: 0.2 | AG121: 0.1 | AH121: =W119 -> 0.154 | AI121: 0.1
H122: ( | I122: =IF(AB121<0.2,AF121,AF122) -> 0.2 | K122: - | L122: =IF(AB121<0.2,AG121,AG122) -> 0.1 | N122: ) | AC122: =IF($AC$102=1,1,IF(AC102=2,1.4,IF(AC102=3,1.5,IF(AC102=4,1.4,1.3)))) -> 1.5 | AD122: =IF($AC$102=1,1,IF(AC102=2,1.3,IF(AC102=3,1.3,IF(AC102=4,1.2,1.3)))) -> 1.3 | AE122: =IF($AC$102=1,1,IF(AC102=2,1.4,IF(AC102=3,1.5,IF(AC102=4,1.4,1.3)))) -> 1.5 | AF122: 0.3 | AG122: 0.2 | AH122: =W119 -> 0.154 | AI122: 0.2
...

Sheet 주철관 Sta.No 0+0.0
A1: ■ Sta.No.0 + 0.0 주철관 내진안전성평가
A3: 1) 관체 제원 및 설계조건
C4: - 설계내압(P) | J4: = | K4: 1 | O4: MPa | Q4: = | R4: =K4*1000 -> 1000 | W4: kN/m2
C5: - 매설깊이(h) | J5: = | K5: 1.5 | O5: m | P5: >>> | R5: 관중심 심도(z) = | V5: =ROUND(K5+R14/2,3) -> 1.95 | Z5: m
C6: - 흙의 단위중량(γ) | J6: = | K6: 17 | O6: kN/m2
C7: - 온도변화(T) | J7: = | K7: 20 | O7: ℃
C8: - 기반암 심도(H) | J8: = | K8: =K64 -> 15 | O8: m
C9: - 차량하중(Pm) | J9: = | K9: DB-13.5 | P9: >>> | R9: =IF(K9="없음",0,IF(K9="DB-24",96,IF(K9="DB-18",72,54))) -> 54 | V9: kN/輪
C10: - 부등침하(δ) | J10: = | K10: 0.2 | O10: m | P10: , | Q10: 영향길이(Lδ) | T10: = | U10: 30 | Y10: m
B12: E | C12: (관의 탄성계수) | J12: = | K12: 160000 | O12: MPa | Q12: = | R12: =K12*1000 -> 160000000 | W12: kN/m2
B13: t | C13: (관두께) | J13: = | K13: 13 | O13: mm | Q13: = | R13: =K13/1000 -> 0.013 | V13: m
B14: D | C14: (관외경) | J14: = | K14: 900 | O14: mm | Q14: = | R14: =K14/1000 -> 0.9 | V14: m
B15: len | C15: (관길이) | J15: = | K15: 6000 | O15: mm | Q15: = | R15: =K15/1000 -> 6 | V15: m
B16: A | C16: (강관의 단면적) | J16: = | K16: =PI()*(K14-AC17)*AC17 -> 32976.337 | O16: mm2 | Q16: = | R16: =K16*10^-6 -> 0.032976337 | V16: m2 | AB16: 공칭관두께로부터 주철구조물 공차를 뺀 관두께
B17: I | C17: (강관의 단면2차모멘트) | J17: = | K17: =((PI()*(K14)^4)/64)-((PI()*(K14-AC17*2)^4)/64) -> 3.2523185e+09 | O17: mm4 | Q17: = | R17: =K17*10^-12 -> 0.0032523185 | V17: m4 | AB17: >>> t | AC17: =K13/1.1 -> 11.818182 | AD17: mm
A19: 2) 설계지진력 산정
B20: ( 1 ) 소요내진성능수준 : | H20: 기능수행수준, 붕괴방지수준
B22: ( 2 ) 지진구역 및 구역계수(Z)
B23: 지진구역 | E23: 행 정 구 역 | T23: 구역계수
B24: I | E24: 시 | G24: 서울특별시, 인천광역시, 대전광역시, 부산광역시, 대구광역시 울산광역시, 광주광역시, 세종특별자치시 | T24: 0.11
E26: 도 | G26: 경기도, 강원도 남부 , 충청북도, 충청남도, 경상북도, 경상남도, 전라북도, 전라남도
B28: II | E28: 도 | G28: 강원도 북부, 제주특별자치도 | T28: 0.07
B31: ( 3 ) 상수도 시설물의 내진등급과 설계지진
B32: 내진등급 | G32: 구 분 | T32: 재현주기
T33: 기능수행 | W33: 붕괴방지
B34: 내진1등급 | G34: 대체시설이 없는 송․배수 간선시설, 중요시설과 연결된 급수공급관로, 복구 난이도가 높은 환경에 놓이는 시설, 지진재해시 긴급대처 거점시설, 중대한 2 차 재해를 유발시킬 가능성이 있는 시설 등 | T34: 100년 | W34: 1,000년
B38: 내진2등급 | G38: 내진Ⅰ등급 이외의 시설 | T38: 50년 | W38: 500년
B41: ( 4 ) 위험도계수(I)
B42: 재현주기 | E42: 50년 | H42: 100년 | K42: 200년 | N42: 500년 | Q42: 1,000년 | T42: 2,400년 | W42: 4,800년
B43: 위험도 계수 | E43: 0.4 | H43: 0.57 | K43: 0.73 | N43: 1 | Q43: 1.4 | T43: 2 | W43: 2.6
B45: ( 5 ) 지반분류
B46: ① N값에 의한 전단파속도 결정
B47: ∙ 매설관로에 인접한 위치의 지반조사 자료(시추조사, 표준관입시험, 다운홀 테스트 등)를 활용함
B48: ∙ 토층별 전단파 속도 데이터가 없을 경우, 표준관입시험 관입저항치(SPT-N치)를 전단파 속도로 변환하며, | AB48: <<< | AC48: 연암층, 경암층 보통암층은 기반암으로 적용
B49: 변환에는 국내 지반에 대해 제안된 상관관계식(Sun et al. 2013) Vs=65.64 × N0.407(m/sec)을 활용하여 산정함 | AB49: <<< | AC49: 토피고 제외 벽체 옆 층은 최대까지 2개까지 분류
B51: 토 층 | F51: 층두께(m) | I51: N치 | L51: 환산N치 | O51: 초기전단파 속도 (VSi, m/s) | S51: C | U51: 설계전단파 속도 (VDSi, m/s) | AC51: 직접입력
B52: 매립층 | F52: 10 | I52: 5 | J52: / | K52: 25 | L52: =IFERROR(IF(K52=30,I52,IF((50*30/K52)>=300,"300",50*30/K52)),"") -> 60 | O52: =IF(OR(AC52="",AC52=0),IFERROR(ROUND(65.64*L52^0.407,2),IF(OR(B52="연암층",B52="경암층",B52="보통암층",B52="기반암층"),760,"")),AC52) -> 347.44 | S52: =IF(O52="","",IF(O52>360,1,0.8)) -> 0.8 | U52: =IF(ISERROR(O52*S52),"",O52*S52) -> 277.952
B53: 매립층-2 | F53: 5 | I53: 20 | J53: / | K53: 30 | L53: =IFERROR(IF(K53=30,I53,IF((50*30/K53)>=300,"300",50*30/K53)),"") -> 20 | O53: =IF(OR(AC53="",AC53=0),IFERROR(ROUND(65.64*L53^0.407,2),IF(OR(B53="연암층",B53="경암층",B53="보통암층",B53="기반암층"),760,"")),AC53) -> 222.17 | S53: =IF(O53="","",IF(O53>360,1,0.8)) -> 0.8 | U53: =IF(ISERROR(O53*S53),"",O53*S53) -> 177.736
J54: / | L54: =IFERROR(IF(K54=30,I54,IF((50*30/K54)>=300,"300",50*30/K54)),"") | O54: =IF(OR(AC54="",AC54=0),IFERROR(ROUND(65.64*L54^0.407,2),IF(OR(B54="연암층",B54="경암층",B54="보통암층",B54="기반암층"),760,"")),AC54) | S54: =IF(O54="","",IF(O54>360,1,0.8)) | U54: =IF(ISERROR(O54*S54),"",O54*S54)
J55: / | L55: =IFERROR(IF(K55=30,I55,IF((50*30/K55)>=300,"300",50*30/K55)),"") | O55: =IF(OR(AC55="",AC55=0),IFERROR(ROUND(65.64*L55^0.407,2),IF(OR(B55="연암층",B55="경암층",B55="보통암층",B55="기반암층"),760,"")),AC55) | S55: =IF(O55="","",IF(O55>360,1,0.8)) | U55: =IF(ISERROR(O55*S55),"",O55*S55)
B56: ※ 표준관입시험 시 단단한 암질에 도달하여 항타수가 50에 이르러도 30cm 깊이를 관입하지 못할 경우
B57: 50타수 이상의 N값은 선형적인 비례관계를 토대로 30cm 두께 관입 시 N값으로 환산함
B58: (이때 환산 N치의 최대값은 300으로 함)
B59: ※ 통상 N치 50이상의 암반층(연암 이상)은 N값 측정이 어려움으로, 암반층의 물성치가 명확하지
B60: 않을 경우 문헌에 따라 기반암은 전단파속도 760m/sec 이상으로 적용 함
B61: ※ 지반변형에 대한 보정계수(C) : 0.8 (Vsi < 360 m/s), 1.0 (Vsi ≥ 360 m/s)
B63: ② 지반분류
B64: ∙ 기반암 심도 | J64: : | K64: =SUMIF(N68:Q71,"<760",J68:M71) -> 15 | N64: m | O64: =IF(K64>20,"(기반암 깊이 20m 초과)","") | AB64: 관중심 심도 | AD64: =V5 -> 1.95
B65: ∙ 표층지반의 평균 전단파속도(Vs) | J65: : | K65: =ROUND(SUMIF(N68:N71,"<760",AC68:AC71)/SUMIF(N68:N71,"<760",AD68:AD71),2) -> 292.47 | N65: m/sec
B66: 토 층 | F66: 심도 (GL.(-) m) | J66: 층두께 (m) | N66: 초기전단파속도 Vsi (m/s) | R66: di / Vsi | V66: TG (sec)
AB67: 지표층 전단파속도
B68: =IF(B52="","",B52) -> 매립층 | F68: =IF(B68="","",J68) -> 10 | J68: =IF(ISBLANK(F52),"",F52) -> 10 | N68: =IF(ISBLANK(O52),"",O52) -> 347.44 | R68: =IF(B68="","",ROUND(J68/N68,5)) -> 0.02878 | V68: =IF(B68="","",ROUND(4*J68/N68,3)) -> 0.115 | AB68: =F68 -> 10 | AC68: =IF(J68>=20,20,J68) -> 10 | AD68: =IFERROR(AC68/N68,0) -> 0.028781948
B69: =IF(B53="","",B53) -> 매립층-2 | F69: =IF(B69="","",F68+J69) -> 15 | J69: =IF(ISBLANK(F53),"",F53) -> 5 | N69: =IF(ISBLANK(O53),"",O53) -> 222.17 | R69: =IF(B69="","",ROUND(J69/N69,5)) -> 0.02251 | V69: =IF(B69="","",ROUND(4*J69/N69,3)) -> 0.09 | AB69: =F69 -> 15 | AC69: =IF(J68>=20,"20m 초과",IF(SUM(J68:J69)>=20,(20-J68),J69)) -> 5 | AD69: =IFERROR(AC69/N69,0) -> 0.022505289
B70: =IF(B54="","",B54) | F70: =IF(B70="","",F69+J70) | J70: =IF(ISBLANK(F54),"",F54) | N70: =IF(ISBLANK(O54),"",O54) | R70: =IF(B70="","",ROUND(J70/N70,5)) | V70: =IF(B70="","",ROUND(4*J70/N70,3)) | AB70: =F70 | AC70: =IF(SUM(J68:J69)>=20,"20m 초과",IF(SUM(J68:J70)>=20,(20-SUM(J68:J69)),J70)) | AD70: =IFERROR(AC70/N70,0) -> 0
B71: =IF(B55="","",B55) | F71: =IF(B71="","",MAX(F68:H70)+J71) | J71: =IF(ISBLANK(F55),"",F55) | N71: =O55 | R71: =IF(B71="","",ROUND(J71/N71,5)) | V71: =IF(B71="","",ROUND(4*J71/N71,3)) | AB71: =F71 | AC71: =IF(SUM(J68:J70)>=20,"20m 초과",IF(SUM(J68:J71)>=20,(20-SUM(J68:J70)),J71)) | AD71: =IFERROR(AC71/N71,0) -> 0
B72: ※ 표층지반은 기반면에서 지표면까지를 의미하며, 기반암의 심도가 20m를 초과하여 기반암의 위치를
B73: 확인 불가능 할 경우에는 표층지반 평균 전단파 속도를 지표면 하부 20m까지의 평균 전단파 속도로 산정함
B75: ∙ 비선형성을 고려한 표층지반의 평균 전단파속도(VDS) | O75: : | P75: =ROUND(SUMIF(N78:N81,"<760",AC78:AC81)/SUMIF(N78:N81,"<760",AD78:AD81),2) -> 233.98 | S75: m/sec
B76: 토 층 | F76: 심도 (GL.(-) m) | J76: 층두께 (m) | N76: 설계전단파속도 Vsi (m/s) | R76: di / Vsi | V76: 비 고
AB77: 지표층 전단파속도
B78: =B68 -> 매립층 | F78: =F68 -> 10 | J78: =J68 -> 10 | N78: =IF(ISBLANK(U52),"",U52) -> 277.952 | R78: =IF(B78="","",ROUND(J78/N78,5)) -> 0.03598 | AB78: =F78 -> 10 | AC78: =IF(J78>=20,20,J78) -> 10 | AD78: =IFERROR(AC78/N78,0) -> 0.035977435
B79: =B69 -> 매립층-2 | F79: =F69 -> 15 | J79: =J69 -> 5 | N79: =IF(ISBLANK(U53),"",U53) -> 177.736 | R79: =IF(B79="","",ROUND(J79/N79,5)) -> 0.02813 | AB79: =F79 -> 15 | AC79: =IF(J78>=20,"20m 초과",IF(SUM(J78:J79)>=20,(20-J78),J79)) -> 5 | AD79: =IFERROR(AC79/N79,0) -> 0.028131611
B80: =B70 | F80: =F70 | J80: =J70 | N80: =IF(ISBLANK(U54),"",U54) | R80: =IF(B80="","",ROUND(J80/N80,5)) | AB80: =F80 | AC80: =IF(SUM(J78:J79)>=20,"20m 초과",IF(SUM(J78:J80)>=20,(20-SUM(J78:J79)),J80)) | AD80: =IFERROR(AC80/N80,0) -> 0
B81: =B71 | F81: =F71 | J81: =J71 | N81: =IF(ISBLANK(U55),"",U55) | R81: =IF(B81="","",ROUND(J81/N81,5)) | AB81: =F81 | AC81: =IF(SUM(J78:J80)>=20,"20m 초과",IF(SUM(J78:J81)>=20,(20-SUM(J78:J80)),J81)) | AD81: =IFERROR(AC81/N81,0) -> 0
B82: ※ 표층지반은 기반면에서 지표면까지를 의미하며, 기반암의 심도가 20m를 초과하여 기반암의 위치를
B83: 확인 불가능 할 경우에는 표층지반 평균 전단파 속도를 지표면 하부 20m까지의 평균 전단파 속도로 산정함
B85: ∙ 구조물 기초 기준 지반분류
B86: 지반종류 | F86: 지반종류의 호칭 | M86: 분류기준
M87: 기반암, 깊이, H(m) | S87: 토층 평균 전단파속도(m/s)
B88: S1 | F88: 암반 지반 | M88: 1 미만 | S88: - | AB88: 지반분류 | AC88: =IF(K64<1,1,IF(AND(K64>=1,K64<20,K65>=260),2,IF(AND(K64>=1,K64<20,K65<260),3,IF(AND(K64>=20,K65>=180),4,5)))) -> 2
B89: S2 | F89: 얕고 단단한 지반 | M89: 1~20 이하 | S89: 260 이상
B90: S3 | F90: 얕고 연약한 지반 | S90: 260 미만
B91: S4 | F91: 깊고 단단한 지반 | M91: 20 초과 | S91: 180 이상
B92: S5 | F92: 깊고 연약한 지반 | S92: 180 미만
B93: S6 | F93: 부지 고유의 특성 평가 및 지반응답해석이 요구되는 지반
B94: ※ 여기서 기반암이란, 전단파속도 760m/s 이상을 나타내는 지층
B95: ※ 기반암 깊이와 무관하게 토층평균전단파속도가 120m/s 이하인 지반은 S5지반으로 분류함
B97: ( 6 ) 지반증폭계수
B98: ① 기능수행 수준
B99: ∙ S | D99: (유효수평지반가속도) = Z(구역계수) × I(위험도계수) | P99: = | Q99: 0.11 | S99: x | T99: 0.57 | V99: = | W99: =Q99*T99 -> 0.0627 | Y99: g
B100: ∙ Fa | D100: (단주기 증폭계수) | H100: = | I100: =IF($AC$88=1,1,IF(AC88=2,1.4,IF(AC88=3,1.7,IF(AC88=4,1.6,1.8)))) -> 1.4
B101: ∙ Fv | D101: (장주기 증폭계수) | H101: = | I101: =IF($AC$88=1,1,IF(AC88=2,1.5,IF(AC88=3,1.7,IF(AC88=4,2.2,3)))) -> 1.5
B103: ② 붕괴방지 수준
B104: ∙ S | D104: (유효수평지반가속도) = Z(구역계수) × I(위험도계수) | P104: = | Q104: 0.11 | S104: x | T104: 1.4 | V104: = | W104: =Q104*T104 -> 0.154 | Y104: g
B105: ∙ Fa | D105: (단주기 증폭계수)
D106: = | E106: =IF($AC$88=1,1,IF(AC88=2,1.4,IF(AC88=3,1.7,IF(AC88=4,1.6,1.8)))) -> 1.4 | G106: + | H106: ( | I106: =IF($AC$88=1,1,IF(AC88=2,1.4,IF(AC88=3,1.5,IF(AC88=4,1.4,1.3)))) -> 1.4 | K106: - | L106: =IF($AC$88=1,1,IF(AC88=2,1.4,IF(AC88=3,1.7,IF(AC88=4,1.6,1.8)))) -> 1.4 | N106: ) | O106: x | P106: ( | Q106: =W104 -> 0.154 | S106: - | T106: 0.1 | V106: ) | W106: = | X106: =E106+((I106-L106)/(I107-L107))*(Q106-T106) -> 1.4 | AB106: <<<<< | AD106: 0.154g 기준으로 계산됨
H107: ( | I107: 0.2 | K107: - | L107: 0.1 | N107: )
B108: ∙ Fv | D108: (장주기 증폭계수)
D109: = | E109: =IF($AC$88=1,1,IF(AC88=2,1.5,IF(AC88=3,1.7,IF(AC88=4,2.2,3)))) -> 1.5 | G109: + | H109: ( | I109: =IF($AC$88=1,1,IF(AC88=2,1.4,IF(AC88=3,1.6,IF(AC88=4,2,2.7)))) -> 1.4 | K109: - | L109: =IF($AC$88=1,1,IF(AC88=2,1.5,IF(AC88=3,1.7,IF(AC88=4,2.2,3)))) -> 1.5 | N109: ) | O109: x | P109: ( | Q109: =W104 -> 0.154 | S109: - | T109: 0.1 | V109: ) | W109: = | X109: =E109+((I109-L109)/(I110-L110))*(Q109-T109) -> 1.446
H110: ( | I110: 0.2 | K110: - | L110: 0.1 | N110: )
B112: 지반분류 | F112: 단주기 증폭계수, Fa | O112: 장주기 증폭계수, Fv | X112: 비 고
F113: S ≤ 0.1 | I113: S = 0.2 | L113: S = 0.3 | O113: S ≤ 0.1 | R113: S = 0.2 | U113: S = 0.3
B114: S2 | F114: 1.4 | I114: 1.4 | L114: 1.3 | O114: 1.5 | R114: 1.4 | U114: 1.3
B115: S3 | F115: 1.7 | I115: 1.5 | L115: 1.3 | O115: 1.7 | R115: 1.6 | U115: 1.5
B116: S4 | F116: 1.6 | I116: 1.4 | L116: 1.2 | O116: 2.2 | R116: 2 | U116: 1.8
B117: S5 | F117: 1.8 | I117: 1.3 | L117: 1.3 | O117: 3 | R117: 2.7 | U117: 2.4
B119: ( 7 ) 설계지반가속도
B120: ① 기능수행 수준
B121: ∙ S | D121: (유효수평지반가속도) | Q121: = | R121: =W99 -> 0.0627 | T121: g
B122: ∙ KHU | D122: (설계수평지반가속도) = S × Fa = | L122: =W99 -> 0.0627 | N122: x | O122: =I100 -> 1.4 | Q122: = | R122: =ROUND(L122*O122,3) -> 0.088 | T122: g
...

Sheet 설계응답스펙트럼(출력 X)
B1: ◆ 기능수행수준 | F1: ◆ 붕괴방지수준
B2: Time | C2: Sa | D2: Sv | F2: Time | G2: Sa | H2: Sv | L2: 구분 | M2: αA (단주기스펙트럼 | N2: 전이주기(sec)
B3: 0 | C3: =IF(B3=0,M7,IF(AND(B3>0,B3<=$M$9),$M$7+(($M$8-$M$7)/($M$9-$B$3)*(B3-$B$3)),IF(AND(B3>$M$9,B3<=$M$10),$M$8,IF(AND(B3>$M$10,B3<=$M$11),$M$12/B3,IF(B3>$M$11,$M$13/B3^2))))) -> 0.063 | D3: =(B3/(2*PI()))*(C3*9.81)*$M$15 -> 0 | F3: 0 | G3: =IF(F3=0,P7,IF(AND(F3>0,F3<=$P$9),$P$7+(($P$8-$P$7)/($P$9-$F$3)*(F3-$F$3)),IF(AND(F3>$P$9,F3<=$P$10),$P$8,IF(AND(F3>$P$10,F3<=$P$11),$P$12/F3,IF(F3>$P$11,$P$13/F3^2))))) -> 0.154 | H3: =(F3/(2*PI()))*(G3*9.81)*$P$15 -> 0 | M3: 증폭계수) | N3: T0 | O3: Ts | P3: TL
B4: =B3+0.02 -> 0.02 | C4: =IF(B4=0,M8,IF(AND(B4>0,B4<=$M$9),$M$7+(($M$8-$M$7)/($M$9-$B$3)*(B4-$B$3)),IF(AND(B4>$M$9,B4<=$M$10),$M$8,IF(AND(B4>$M$10,B4<=$M$11),$M$12/B4,IF(B4>$M$11,$M$13/B4^2))))) -> 0.1008 | D4: =(B4/(2*PI()))*(C4*9.81)*$M$15 -> 0.0023858815 | F4: =F3+0.02 -> 0.02 | G4: =IF(F4=0,P8,IF(AND(F4>0,F4<=$P$9),$P$7+(($P$8-$P$7)/($P$9-$F$3)*(F4-$F$3)),IF(AND(F4>$P$9,F4<=$P$10),$P$8,IF(AND(F4>$P$10,F4<=$P$11),$P$12/F4,IF(F4>$P$11,$P$13/F4^2))))) -> 0.2464 | H4: =(F4/(2*PI()))*(G4*9.81)*$P$15 -> 0.0043164101 | L4: 수 평 | M4: 2.8 | N4: 0.06 | O4: 0.3 | P4: 3
B5: =B4+0.02 -> 0.04 | C5: =IF(B5=0,M9,IF(AND(B5>0,B5<=$M$9),$M$7+(($M$8-$M$7)/($M$9-$B$3)*(B5-$B$3)),IF(AND(B5>$M$9,B5<=$M$10),$M$8,IF(AND(B5>$M$10,B5<=$M$11),$M$12/B5,IF(B5>$M$11,$M$13/B5^2))))) -> 0.1386 | D5: =(B5/(2*PI()))*(C5*9.81)*$M$15 -> 0.0065611742 | F5: =F4+0.02 -> 0.04 | G5: =IF(F5=0,P9,IF(AND(F5>0,F5<=$P$9),$P$7+(($P$8-$P$7)/($P$9-$F$3)*(F5-$F$3)),IF(AND(F5>$P$9,F5<=$P$10),$P$8,IF(AND(F5>$P$10,F5<=$P$11),$P$12/F5,IF(F5>$P$11,$P$13/F5^2))))) -> 0.3388 | H5: =(F5/(2*PI()))*(G5*9.81)*$P$15 -> 0.011870128
B6: =B5+0.02 -> 0.06 | C6: =IF(B6=0,M10,IF(AND(B6>0,B6<=$M$9),$M$7+(($M$8-$M$7)/($M$9-$B$3)*(B6-$B$3)),IF(AND(B6>$M$9,B6<=$M$10),$M$8,IF(AND(B6>$M$10,B6<=$M$11),$M$12/B6,IF(B6>$M$11,$M$13/B6^2))))) -> 0.1764 | D6: =(B6/(2*PI()))*(C6*9.81)*$M$15 -> 0.012525878 | F6: =F5+0.02 -> 0.06 | G6: =IF(F6=0,P10,IF(AND(F6>0,F6<=$P$9),$P$7+(($P$8-$P$7)/($P$9-$F$3)*(F6-$F$3)),IF(AND(F6>$P$9,F6<=$P$10),$P$8,IF(AND(F6>$P$10,F6<=$P$11),$P$12/F6,IF(F6>$P$11,$P$13/F6^2))))) -> 0.4312 | H6: =(F6/(2*PI()))*(G6*9.81)*$P$15 -> 0.022661153 | L6: 기능수행수준 | O6: 붕괴방지수준
B7: =B6+0.02 -> 0.08 | C7: =IF(B7=0,M11,IF(AND(B7>0,B7<=$M$9),$M$7+(($M$8-$M$7)/($M$9-$B$3)*(B7-$B$3)),IF(AND(B7>$M$9,B7<=$M$10),$M$8,IF(AND(B7>$M$10,B7<=$M$11),$M$12/B7,IF(B7>$M$11,$M$13/B7^2))))) -> 0.1764 | D7: =(B7/(2*PI()))*(C7*9.81)*$M$15 -> 0.016701171 | F7: =F6+0.02 -> 0.08 | G7: =IF(F7=0,P11,IF(AND(F7>0,F7<=$P$9),$P$7+(($P$8-$P$7)/($P$9-$F$3)*(F7-$F$3)),IF(AND(F7>$P$9,F7<=$P$10),$P$8,IF(AND(F7>$P$10,F7<=$P$11),$P$12/F7,IF(F7>$P$11,$P$13/F7^2))))) -> 0.4312 | H7: =(F7/(2*PI()))*(G7*9.81)*$P$15 -> 0.030214871 | L7: S | M7: 0.063 | O7: S | P7: 0.154
B8: =B7+0.02 -> 0.1 | C8: =IF(B8=0,M12,IF(AND(B8>0,B8<=$M$9),$M$7+(($M$8-$M$7)/($M$9-$B$3)*(B8-$B$3)),IF(AND(B8>$M$9,B8<=$M$10),$M$8,IF(AND(B8>$M$10,B8<=$M$11),$M$12/B8,IF(B8>$M$11,$M$13/B8^2))))) -> 0.1764 | D8: =(B8/(2*PI()))*(C8*9.81)*$M$15 -> 0.020876463 | F8: =F7+0.02 -> 0.1 | G8: =IF(F8=0,P12,IF(AND(F8>0,F8<=$P$9),$P$7+(($P$8-$P$7)/($P$9-$F$3)*(F8-$F$3)),IF(AND(F8>$P$9,F8<=$P$10),$P$8,IF(AND(F8>$P$10,F8<=$P$11),$P$12/F8,IF(F8>$P$11,$P$13/F8^2))))) -> 0.4312 | H8: =(F8/(2*PI()))*(G8*9.81)*$P$15 -> 0.037768588 | L8: αAS | M8: =M7*M4 -> 0.1764 | O8: αAS | P8: =P7*M4 -> 0.4312
B9: =B8+0.02 -> 0.12 | C9: =IF(B9=0,M13,IF(AND(B9>0,B9<=$M$9),$M$7+(($M$8-$M$7)/($M$9-$B$3)*(B9-$B$3)),IF(AND(B9>$M$9,B9<=$M$10),$M$8,IF(AND(B9>$M$10,B9<=$M$11),$M$12/B9,IF(B9>$M$11,$M$13/B9^2))))) -> 0.1764 | D9: =(B9/(2*PI()))*(C9*9.81)*$M$15 -> 0.025051756 | F9: =F8+0.02 -> 0.12 | G9: =IF(F9=0,P13,IF(AND(F9>0,F9<=$P$9),$P$7+(($P$8-$P$7)/($P$9-$F$3)*(F9-$F$3)),IF(AND(F9>$P$9,F9<=$P$10),$P$8,IF(AND(F9>$P$10,F9<=$P$11),$P$12/F9,IF(F9>$P$11,$P$13/F9^2))))) -> 0.4312 | H9: =(F9/(2*PI()))*(G9*9.81)*$P$15 -> 0.045322306 | L9: T0 | M9: 0.06 | O9: T0 | P9: 0.06
B10: =B9+0.02 -> 0.14 | C10: =IF(B10=0,M14,IF(AND(B10>0,B10<=$M$9),$M$7+(($M$8-$M$7)/($M$9-$B$3)*(B10-$B$3)),IF(AND(B10>$M$9,B10<=$M$10),$M$8,IF(AND(B10>$M$10,B10<=$M$11),$M$12/B10,IF(B10>$M$11,$M$13/B10^2))))) -> 0.1764 | D10: =(B10/(2*PI()))*(C10*9.81)*$M$15 -> 0.029227049 | F10: =F9+0.02 -> 0.14 | G10: =IF(F10=0,T25,IF(AND(F10>0,F10<=$P$9),$P$7+(($P$8-$P$7)/($P$9-$F$3)*(F10-$F$3)),IF(AND(F10>$P$9,F10<=$P$10),$P$8,IF(AND(F10>$P$10,F10<=$P$11),$P$12/F10,IF(F10>$P$11,$P$13/F10^2))))) -> 0.4312 | H10: =(F10/(2*PI()))*(G10*9.81)*$P$15 -> 0.052876024 | L10: Ts | M10: 0.3 | O10: Ts | P10: 0.3
B11: =B10+0.02 -> 0.16 | C11: =IF(B11=0,M15,IF(AND(B11>0,B11<=$M$9),$M$7+(($M$8-$M$7)/($M$9-$B$3)*(B11-$B$3)),IF(AND(B11>$M$9,B11<=$M$10),$M$8,IF(AND(B11>$M$10,B11<=$M$11),$M$12/B11,IF(B11>$M$11,$M$13/B11^2))))) -> 0.1764 | D11: =(B11/(2*PI()))*(C11*9.81)*$M$15 -> 0.033402341 | F11: =F10+0.02 -> 0.16 | G11: =IF(F11=0,T26,IF(AND(F11>0,F11<=$P$9),$P$7+(($P$8-$P$7)/($P$9-$F$3)*(F11-$F$3)),IF(AND(F11>$P$9,F11<=$P$10),$P$8,IF(AND(F11>$P$10,F11<=$P$11),$P$12/F11,IF(F11>$P$11,$P$13/F11^2))))) -> 0.4312 | H11: =(F11/(2*PI()))*(G11*9.81)*$P$15 -> 0.060429741 | L11: TL | M11: 3 | O11: TL | P11: 3
B12: =B11+0.02 -> 0.18 | C12: =IF(B12=0,M16,IF(AND(B12>0,B12<=$M$9),$M$7+(($M$8-$M$7)/($M$9-$B$3)*(B12-$B$3)),IF(AND(B12>$M$9,B12<=$M$10),$M$8,IF(AND(B12>$M$10,B12<=$M$11),$M$12/B12,IF(B12>$M$11,$M$13/B12^2))))) -> 0.1764 | D12: =(B12/(2*PI()))*(C12*9.81)*$M$15 -> 0.037577634 | F12: =F11+0.02 -> 0.18 | G12: =IF(F12=0,T27,IF(AND(F12>0,F12<=$P$9),$P$7+(($P$8-$P$7)/($P$9-$F$3)*(F12-$F$3)),IF(AND(F12>$P$9,F12<=$P$10),$P$8,IF(AND(F12>$P$10,F12<=$P$11),$P$12/F12,IF(F12>$P$11,$P$13/F12^2))))) -> 0.4312 | H12: =(F12/(2*PI()))*(G12*9.81)*$P$15 -> 0.067983459 | L12: Ts*αAS | M12: =M10*M8 -> 0.05292 | O12: Ts*αAS | P12: =P10*P8 -> 0.12936
B13: =B12+0.02 -> 0.2 | C13: =IF(B13=0,M17,IF(AND(B13>0,B13<=$M$9),$M$7+(($M$8-$M$7)/($M$9-$B$3)*(B13-$B$3)),IF(AND(B13>$M$9,B13<=$M$10),$M$8,IF(AND(B13>$M$10,B13<=$M$11),$M$12/B13,IF(B13>$M$11,$M$13/B13^2))))) -> 0.1764 | D13: =(B13/(2*PI()))*(C13*9.81)*$M$15 -> 0.041752927 | F13: =F12+0.02 -> 0.2 | G13: =IF(F13=0,T28,IF(AND(F13>0,F13<=$P$9),$P$7+(($P$8-$P$7)/($P$9-$F$3)*(F13-$F$3)),IF(AND(F13>$P$9,F13<=$P$10),$P$8,IF(AND(F13>$P$10,F13<=$P$11),$P$12/F13,IF(F13>$P$11,$P$13/F13^2))))) -> 0.4312 | H13: =(F13/(2*PI()))*(G13*9.81)*$P$15 -> 0.075537177 | L13: TL*αAS | M13: =M10*M8*M11 -> 0.15876 | O13: TL*αAS | P13: =P10*P8*P11 -> 0.38808
B14: =B13+0.02 -> 0.22 | C14: =IF(B14=0,M18,IF(AND(B14>0,B14<=$M$9),$M$7+(($M$8-$M$7)/($M$9-$B$3)*(B14-$B$3)),IF(AND(B14>$M$9,B14<=$M$10),$M$8,IF(AND(B14>$M$10,B14<=$M$11),$M$12/B14,IF(B14>$M$11,$M$13/B14^2))))) -> 0.1764 | D14: =(B14/(2*PI()))*(C14*9.81)*$M$15 -> 0.045928219 | F14: =F13+0.02 -> 0.22 | G14: =IF(F14=0,T29,IF(AND(F14>0,F14<=$P$9),$P$7+(($P$8-$P$7)/($P$9-$F$3)*(F14-$F$3)),IF(AND(F14>$P$9,F14<=$P$10),$P$8,IF(AND(F14>$P$10,F14<=$P$11),$P$12/F14,IF(F14>$P$11,$P$13/F14^2))))) -> 0.4312 | H14: =(F14/(2*PI()))*(G14*9.81)*$P$15 -> 0.083090894
B15: =B14+0.02 -> 0.24 | C15: =IF(B15=0,M19,IF(AND(B15>0,B15<=$M$9),$M$7+(($M$8-$M$7)/($M$9-$B$3)*(B15-$B$3)),IF(AND(B15>$M$9,B15<=$M$10),$M$8,IF(AND(B15>$M$10,B15<=$M$11),$M$12/B15,IF(B15>$M$11,$M$13/B15^2))))) -> 0.1764 | D15: =(B15/(2*PI()))*(C15*9.81)*$M$15 -> 0.050103512 | F15: =F14+0.02 -> 0.24 | G15: =IF(F15=0,T30,IF(AND(F15>0,F15<=$P$9),$P$7+(($P$8-$P$7)/($P$9-$F$3)*(F15-$F$3)),IF(AND(F15>$P$9,F15<=$P$10),$P$8,IF(AND(F15>$P$10,F15<=$P$11),$P$12/F15,IF(F15>$P$11,$P$13/F15^2))))) -> 0.4312 | H15: =(F15/(2*PI()))*(G15*9.81)*$P$15 -> 0.090644612 | L15: CD | M15: 0.758 | O15: CD | P15: 0.561
B16: =B15+0.02 -> 0.26 | C16: =IF(B16=0,M20,IF(AND(B16>0,B16<=$M$9),$M$7+(($M$8-$M$7)/($M$9-$B$3)*(B16-$B$3)),IF(AND(B16>$M$9,B16<=$M$10),$M$8,IF(AND(B16>$M$10,B16<=$M$11),$M$12/B16,IF(B16>$M$11,$M$13/B16^2))))) -> 0.1764 | D16: =(B16/(2*PI()))*(C16*9.81)*$M$15 -> 0.054278804 | F16: =F15+0.02 -> 0.26 | G16: =IF(F16=0,T31,IF(AND(F16>0,F16<=$P$9),$P$7+(($P$8-$P$7)/($P$9-$F$3)*(F16-$F$3)),IF(AND(F16>$P$9,F16<=$P$10),$P$8,IF(AND(F16>$P$10,F16<=$P$11),$P$12/F16,IF(F16>$P$11,$P$13/F16^2))))) -> 0.4312 | H16: =(F16/(2*PI()))*(G16*9.81)*$P$15 -> 0.09819833
B17: =B16+0.02 -> 0.28 | C17: =IF(B17=0,M21,IF(AND(B17>0,B17<=$M$9),$M$7+(($M$8-$M$7)/($M$9-$B$3)*(B17-$B$3)),IF(AND(B17>$M$9,B17<=$M$10),$M$8,IF(AND(B17>$M$10,B17<=$M$11),$M$12/B17,IF(B17>$M$11,$M$13/B17^2))))) -> 0.1764 | D17: =(B17/(2*PI()))*(C17*9.81)*$M$15 -> 0.058454097 | F17: =F16+0.02 -> 0.28 | G17: =IF(F17=0,T32,IF(AND(F17>0,F17<=$P$9),$P$7+(($P$8-$P$7)/($P$9-$F$3)*(F17-$F$3)),IF(AND(F17>$P$9,F17<=$P$10),$P$8,IF(AND(F17>$P$10,F17<=$P$11),$P$12/F17,IF(F17>$P$11,$P$13/F17^2))))) -> 0.4312 | H17: =(F17/(2*PI()))*(G17*9.81)*$P$15 -> 0.10575205
B18: =B17+0.02 -> 0.3 | C18: =IF(B18=0,M22,IF(AND(B18>0,B18<=$M$9),$M$7+(($M$8-$M$7)/($M$9-$B$3)*(B18-$B$3)),IF(AND(B18>$M$9,B18<=$M$10),$M$8,IF(AND(B18>$M$10,B18<=$M$11),$M$12/B18,IF(B18>$M$11,$M$13/B18^2))))) -> 0.1764 | D18: =(B18/(2*PI()))*(C18*9.81)*$M$15 -> 0.06262939 | F18: =F17+0.02 -> 0.3 | G18: =IF(F18=0,T33,IF(AND(F18>0,F18<=$P$9),$P$7+(($P$8-$P$7)/($P$9-$F$3)*(F18-$F$3)),IF(AND(F18>$P$9,F18<=$P$10),$P$8,IF(AND(F18>$P$10,F18<=$P$11),$P$12/F18,IF(F18>$P$11,$P$13/F18^2))))) -> 0.4312 | H18: =(F18/(2*PI()))*(G18*9.81)*$P$15 -> 0.11330576
B19: =B18+0.02 -> 0.32 | C19: =IF(B19=0,M23,IF(AND(B19>0,B19<=$M$9),$M$7+(($M$8-$M$7)/($M$9-$B$3)*(B19-$B$3)),IF(AND(B19>$M$9,B19<=$M$10),$M$8,IF(AND(B19>$M$10,B19<=$M$11),$M$12/B19,IF(B19>$M$11,$M$13/B19^2))))) -> 0.165375 | D19: =(B19/(2*PI()))*(C19*9.81)*$M$15 -> 0.06262939 | F19: =F18+0.02 -> 0.32 | G19: =IF(F19=0,T34,IF(AND(F19>0,F19<=$P$9),$P$7+(($P$8-$P$7)/($P$9-$F$3)*(F19-$F$3)),IF(AND(F19>$P$9,F19<=$P$10),$P$8,IF(AND(F19>$P$10,F19<=$P$11),$P$12/F19,IF(F19>$P$11,$P$13/F19^2))))) -> 0.40425 | H19: =(F19/(2*PI()))*(G19*9.81)*$P$15 -> 0.11330576
B20: =B19+0.02 -> 0.34 | C20: =IF(B20=0,M24,IF(AND(B20>0,B20<=$M$9),$M$7+(($M$8-$M$7)/($M$9-$B$3)*(B20-$B$3)),IF(AND(B20>$M$9,B20<=$M$10),$M$8,IF(AND(B20>$M$10,B20<=$M$11),$M$12/B20,IF(B20>$M$11,$M$13/B20^2))))) -> 0.15564706 | D20: =(B20/(2*PI()))*(C20*9.81)*$M$15 -> 0.06262939 | F20: =F19+0.02 -> 0.34 | G20: =IF(F20=0,T35,IF(AND(F20>0,F20<=$P$9),$P$7+(($P$8-$P$7)/($P$9-$F$3)*(F20-$F$3)),IF(AND(F20>$P$9,F20<=$P$10),$P$8,IF(AND(F20>$P$10,F20<=$P$11),$P$12/F20,IF(F20>$P$11,$P$13/F20^2))))) -> 0.38047059 | H20: =(F20/(2*PI()))*(G20*9.81)*$P$15 -> 0.11330576
B21: =B20+0.02 -> 0.36 | C21: =IF(B21=0,M25,IF(AND(B21>0,B21<=$M$9),$M$7+(($M$8-$M$7)/($M$9-$B$3)*(B21-$B$3)),IF(AND(B21>$M$9,B21<=$M$10),$M$8,IF(AND(B21>$M$10,B21<=$M$11),$M$12/B21,IF(B21>$M$11,$M$13/B21^2))))) -> 0.147 | D21: =(B21/(2*PI()))*(C21*9.81)*$M$15 -> 0.06262939 | F21: =F20+0.02 -> 0.36 | G21: =IF(F21=0,T36,IF(AND(F21>0,F21<=$P$9),$P$7+(($P$8-$P$7)/($P$9-$F$3)*(F21-$F$3)),IF(AND(F21>$P$9,F21<=$P$10),$P$8,IF(AND(F21>$P$10,F21<=$P$11),$P$12/F21,IF(F21>$P$11,$P$13/F21^2))))) -> 0.35933333 | H21: =(F21/(2*PI()))*(G21*9.81)*$P$15 -> 0.11330576
B22: =B21+0.02 -> 0.38 | C22: =IF(B22=0,M26,IF(AND(B22>0,B22<=$M$9),$M$7+(($M$8-$M$7)/($M$9-$B$3)*(B22-$B$3)),IF(AND(B22>$M$9,B22<=$M$10),$M$8,IF(AND(B22>$M$10,B22<=$M$11),$M$12/B22,IF(B22>$M$11,$M$13/B22^2))))) -> 0.13926316 | D22: =(B22/(2*PI()))*(C22*9.81)*$M$15 -> 0.06262939 | F22: =F21+0.02 -> 0.38 | G22: =IF(F22=0,T37,IF(AND(F22>0,F22<=$P$9),$P$7+(($P$8-$P$7)/($P$9-$F$3)*(F22-$F$3)),IF(AND(F22>$P$9,F22<=$P$10),$P$8,IF(AND(F22>$P$10,F22<=$P$11),$P$12/F22,IF(F22>$P$11,$P$13/F22^2))))) -> 0.34042105 | H22: =(F22/(2*PI()))*(G22*9.81)*$P$15 -> 0.11330576
B23: =B22+0.02 -> 0.4 | C23: =IF(B23=0,M27,IF(AND(B23>0,B23<=$M$9),$M$7+(($M$8-$M$7)/($M$9-$B$3)*(B23-$B$3)),IF(AND(B23>$M$9,B23<=$M$10),$M$8,IF(AND(B23>$M$10,B23<=$M$11),$M$12/B23,IF(B23>$M$11,$M$13/B23^2))))) -> 0.1323 | D23: =(B23/(2*PI()))*(C23*9.81)*$M$15 -> 0.06262939 | F23: =F22+0.02 -> 0.4 | G23: =IF(F23=0,T38,IF(AND(F23>0,F23<=$P$9),$P$7+(($P$8-$P$7)/($P$9-$F$3)*(F23-$F$3)),IF(AND(F23>$P$9,F23<=$P$10),$P$8,IF(AND(F23>$P$10,F23<=$P$11),$P$12/F23,IF(F23>$P$11,$P$13/F23^2))))) -> 0.3234 | H23: =(F23/(2*PI()))*(G23*9.81)*$P$15 -> 0.11330576
B24: =B23+0.02 -> 0.42 | C24: =IF(B24=0,M28,IF(AND(B24>0,B24<=$M$9),$M$7+(($M$8-$M$7)/($M$9-$B$3)*(B24-$B$3)),IF(AND(B24>$M$9,B24<=$M$10),$M$8,IF(AND(B24>$M$10,B24<=$M$11),$M$12/B24,IF(B24>$M$11,$M$13/B24^2))))) -> 0.126 | D24: =(B24/(2*PI()))*(C24*9.81)*$M$15 -> 0.06262939 | F24: =F23+0.02 -> 0.42 | G24: =IF(F24=0,T39,IF(AND(F24>0,F24<=$P$9),$P$7+(($P$8-$P$7)/($P$9-$F$3)*(F24-$F$3)),IF(AND(F24>$P$9,F24<=$P$10),$P$8,IF(AND(F24>$P$10,F24<=$P$11),$P$12/F24,IF(F24>$P$11,$P$13/F24^2))))) -> 0.308 | H24: =(F24/(2*PI()))*(G24*9.81)*$P$15 -> 0.11330576
B25: =B24+0.02 -> 0.44 | C25: =IF(B25=0,M29,IF(AND(B25>0,B25<=$M$9),$M$7+(($M$8-$M$7)/($M$9-$B$3)*(B25-$B$3)),IF(AND(B25>$M$9,B25<=$M$10),$M$8,IF(AND(B25>$M$10,B25<=$M$11),$M$12/B25,IF(B25>$M$11,$M$13/B25^2))))) -> 0.12027273 | D25: =(B25/(2*PI()))*(C25*9.81)*$M$15 -> 0.06262939 | F25: =F24+0.02 -> 0.44 | G25: =IF(F25=0,T40,IF(AND(F25>0,F25<=$P$9),$P$7+(($P$8-$P$7)/($P$9-$F$3)*(F25-$F$3)),IF(AND(F25>$P$9,F25<=$P$10),$P$8,IF(AND(F25>$P$10,F25<=$P$11),$P$12/F25,IF(F25>$P$11,$P$13/F25^2))))) -> 0.294 | H25: =(F25/(2*PI()))*(G25*9.81)*$P$15 -> 0.11330576
B26: =B25+0.02 -> 0.46 | C26: =IF(B26=0,M30,IF(AND(B26>0,B26<=$M$9),$M$7+(($M$8-$M$7)/($M$9-$B$3)*(B26-$B$3)),IF(AND(B26>$M$9,B26<=$M$10),$M$8,IF(AND(B26>$M$10,B26<=$M$11),$M$12/B26,IF(B26>$M$11,$M$13/B26^2))))) -> 0.11504348 | D26: =(B26/(2*PI()))*(C26*9.81)*$M$15 -> 0.06262939 | F26: =F25+0.02 -> 0.46 | G26: =IF(F26=0,T41,IF(AND(F26>0,F26<=$P$9),$P$7+(($P$8-$P$7)/($P$9-$F$3)*(F26-$F$3)),IF(AND(F26>$P$9,F26<=$P$10),$P$8,IF(AND(F26>$P$10,F26<=$P$11),$P$12/F26,IF(F26>$P$11,$P$13/F26^2))))) -> 0.28121739 | H26: =(F26/(2*PI()))*(G26*9.81)*$P$15 -> 0.11330576
B27: =B26+0.02 -> 0.48 | C27: =IF(B27=0,M31,IF(AND(B27>0,B27<=$M$9),$M$7+(($M$8-$M$7)/($M$9-$B$3)*(B27-$B$3)),IF(AND(B27>$M$9,B27<=$M$10),$M$8,IF(AND(B27>$M$10,B27<=$M$11),$M$12/B27,IF(B27>$M$11,$M$13/B27^2))))) -> 0.11025 | D27: =(B27/(2*PI()))*(C27*9.81)*$M$15 -> 0.06262939 | F27: =F26+0.02 -> 0.48 | G27: =IF(F27=0,T42,IF(AND(F27>0,F27<=$P$9),$P$7+(($P$8-$P$7)/($P$9-$F$3)*(F27-$F$3)),IF(AND(F27>$P$9,F27<=$P$10),$P$8,IF(AND(F27>$P$10,F27<=$P$11),$P$12/F27,IF(F27>$P$11,$P$13/F27^2))))) -> 0.2695 | H27: =(F27/(2*PI()))*(G27*9.81)*$P$15 -> 0.11330576
... B58: =B57+0.02 -> 1.1 | C58: =IF(B58=0,M62,IF(AND(B58>0,B58<=$M$9),$M$7+(($M$8-$M$7)/($M$9-$B$3)*(B58-$B$3)),IF(AND(B58>$M$9,B58<=$M$10),$M$8,IF(AND(B58>$M$10,B58<=$M$11),$M$12/B58,IF(B58>$M$11,$M$13/B58^2))))) -> 0.048109091 | D58: =(B58/(2*PI()))*(C58*9.81)*$M$15 -> 0.06262939 | F58: =F57+0.02 -> 1.1 | G58: =IF(F58=0,T73,IF(AND(F58>0,F58<=$P$9),$P$7+(($P$8-$P$7)/($P$9-$F$3)*(F58-$F$3)),IF(AND(F58>$P$9,F58<=$P$10),$P$8,IF(AND(F58>$P$10,F58<=$P$11),$P$12/F58,IF(F58>$P$11,$P$13/F58^2))))) -> 0.1176 | H58: =(F58/(2*PI()))*(G58*9.81)*$P$15 -> 0.11330576
B59: =B58+0.02 -> 1.12 | C59: =IF(B59=0,M63,IF(AND(B59>0,B59<=$M$9),$M$7+(($M$8-$M$7)/($M$9-$B$3)*(B59-$B$3)),IF(AND(B59>$M$9,B59<=$M$10),$M$8,IF(AND(B59>$M$10,B59<=$M$11),$M$12/B59,IF(B59>$M$11,$M$13/B59^2))))) -> 0.04725 | D59: =(B59/(2*PI()))*(C59*9.81)*$M$15 -> 0.06262939 | F59: =F58+0.02 -> 1.12 | G59: =IF(F59=0,T74,IF(AND(F59>0,F59<=$P$9),$P$7+(($P$8-$P$7)/($P$9-$F$3)*(F59-$F$3)),IF(AND(F59>$P$9,F59<=$P$10),$P$8,IF(AND(F59>$P$10,F59<=$P$11),$P$12/F59,IF(F59>$P$11,$P$13/F59^2))))) -> 0.1155 | H59: =(F59/(2*PI()))*(G59*9.81)*$P$15 -> 0.11330576 | K59: 만든사람 : 송광석
B60: =B59+0.02 -> 1.14 | C60: =IF(B60=0,M64,IF(AND(B60>0,B60<=$M$9),$M$7+(($M$8-$M$7)/($M$9-$B$3)*(B60-$B$3)),IF(AND(B60>$M$9,B60<=$M$10),$M$8,IF(AND(B60>$M$10,B60<=$M$11),$M$12/B60,IF(B60>$M$11,$M$13/B60^2))))) -> 0.046421053 | D60: =(B60/(2*PI()))*(C60*9.81)*$M$15 -> 0.06262939 | F60: =F59+0.02 -> 1.14 | G60: =IF(F60=0,T75,IF(AND(F60>0,F60<=$P$9),$P$7+(($P$8-$P$7)/($P$9-$F$3)*(F60-$F$3)),IF(AND(F60>$P$9,F60<=$P$10),$P$8,IF(AND(F60>$P$10,F60<=$P$11),$P$12/F60,IF(F60>$P$11,$P$13/F60^2))))) -> 0.11347368 | H60: =(F60/(2*PI()))*(G60*9.81)*$P$15 -> 0.11330576 | K60: 만든날짜 : 2021-12-14
B61: =B60+0.02 -> 1.16 | C61: =IF(B61=0,M65,IF(AND(B61>0,B61<=$M$9),$M$7+(($M$8-$M$7)/($M$9-$B$3)*(B61-$B$3)),IF(AND(B61>$M$9,B61<=$M$10),$M$8,IF(AND(B61>$M$10,B61<=$M$11),$M$12/B61,IF(B61>$M$11,$M$13/B61^2))))) -> 0.04562069 | D61: =(B61/(2*PI()))*(C61*9.81)*$M$15 -> 0.06262939 | F61: =F60+0.02 -> 1.16 | G61: =IF(F61=0,T76,IF(AND(F61>0,F61<=$P$9),$P$7+(($P$8-$P$7)/($P$9-$F$3)*(F61-$F$3)),IF(AND(F61>$P$9,F61<=$P$10),$P$8,IF(AND(F61>$P$10,F61<=$P$11),$P$12/F61,IF(F61>$P$11,$P$13/F61^2))))) -> 0.11151724 | H61: =(F61/(2*PI()))*(G61*9.81)*$P$15 -> 0.11330576 | K61: 현재 Version : 1.02
B62: =B61+0.02 -> 1.18 | C62: =IF(B62=0,M66,IF(AND(B62>0,B62<=$M$9),$M$7+(($M$8-$M$7)/($M$9-$B$3)*(B62-$B$3)),IF(AND(B62>$M$9,B62<=$M$10),$M$8,IF(AND(B62>$M$10,B62<=$M$11),$M$12/B62,IF(B62>$M$11,$M$13/B62^2))))) -> 0.044847458 | D62: =(B62/(2*PI()))*(C62*9.81)*$M$15 -> 0.06262939 | F62: =F61+0.02 -> 1.18 | G62: =IF(F62=0,T77,IF(AND(F62>0,F62<=$P$9),$P$7+(($P$8-$P$7)/($P$9-$F$3)*(F62-$F$3)),IF(AND(F62>$P$9,F62<=$P$10),$P$8,IF(AND(F62>$P$10,F62<=$P$11),$P$12/F62,IF(F62>$P$11,$P$13/F62^2))))) -> 0.10962712 | H62: =(F62/(2*PI()))*(G62*9.81)*$P$15 -> 0.11330576 | K62: version
B63: =B62+0.02 -> 1.2 | C63: =IF(B63=0,M67,IF(AND(B63>0,B63<=$M$9),$M$7+(($M$8-$M$7)/($M$9-$B$3)*(B63-$B$3)),IF(AND(B63>$M$9,B63<=$M$10),$M$8,IF(AND(B63>$M$10,B63<=$M$11),$M$12/B63,IF(B63>$M$11,$M$13/B63^2))))) -> 0.0441 | D63: =(B63/(2*PI()))*(C63*9.81)*$M$15 -> 0.06262939 | F63: =F62+0.02 -> 1.2 | G63: =IF(F63=0,T78,IF(AND(F63>0,F63<=$P$9),$P$7+(($P$8-$P$7)/($P$9-$F$3)*(F63-$F$3)),IF(AND(F63>$P$9,F63<=$P$10),$P$8,IF(AND(F63>$P$10,F63<=$P$11),$P$12/F63,IF(F63>$P$11,$P$13/F63^2))))) -> 0.1078 | H63: =(F63/(2*PI()))*(G63*9.81)*$P$15 -> 0.11330576 | K63: Version : 1.00
B64: =B63+0.02 -> 1.22 | C64: =IF(B64=0,M68,IF(AND(B64>0,B64<=$M$9),$M$7+(($M$8-$M$7)/($M$9-$B$3)*(B64-$B$3)),IF(AND(B64>$M$9,B64<=$M$10),$M$8,IF(AND(B64>$M$10,B64<=$M$11),$M$12/B64,IF(B64>$M$11,$M$13/B64^2))))) -> 0.043377049 | D64: =(B64/(2*PI()))*(C64*9.81)*$M$15 -> 0.06262939 | F64: =F63+0.02 -> 1.22 | G64: =IF(F64=0,T79,IF(AND(F64>0,F64<=$P$9),$P$7+(($P$8-$P$7)/($P$9-$F$3)*(F64-$F$3)),IF(AND(F64>$P$9,F64<=$P$10),$P$8,IF(AND(F64>$P$10,F64<=$P$11),$P$12/F64,IF(F64>$P$11,$P$13/F64^2))))) -> 0.10603279 | H64: =(F64/(2*PI()))*(G64*9.81)*$P$15 -> 0.11330576 | K64: - 개정 「기존 시설물(상수도) 내진성능 평가요령(2021.09)」 적용
B65: =B64+0.02 -> 1.24 | C65: =IF(B65=0,M69,IF(AND(B65>0,B65<=$M$9),$M$7+(($M$8-$M$7)/($M$9-$B$3)*(B65-$B$3)),IF(AND(B65>$M$9,B65<=$M$10),$M$8,IF(AND(B65>$M$10,B65<=$M$11),$M$12/B65,IF(B65>$M$11,$M$13/B65^2))))) -> 0.042677419 | D65: =(B65/(2*PI()))*(C65*9.81)*$M$15 -> 0.06262939 | F65: =F64+0.02 -> 1.24 | G65: =IF(F65=0,T80,IF(AND(F65>0,F65<=$P$9),$P$7+(($P$8-$P$7)/($P$9-$F$3)*(F65-$F$3)),IF(AND(F65>$P$9,F65<=$P$10),$P$8,IF(AND(F65>$P$10,F65<=$P$11),$P$12/F65,IF(F65>$P$11,$P$13/F65^2))))) -> 0.10432258 | H65: =(F65/(2*PI()))*(G65*9.81)*$P$15 -> 0.11330576 | K65: Version : 1.01
B66: =B65+0.02 -> 1.26 | C66: =IF(B66=0,M70,IF(AND(B66>0,B66<=$M$9),$M$7+(($M$8-$M$7)/($M$9-$B$3)*(B66-$B$3)),IF(AND(B66>$M$9,B66<=$M$10),$M$8,IF(AND(B66>$M$10,B66<=$M$11),$M$12/B66,IF(B66>$M$11,$M$13/B66^2))))) -> 0.042 | D66: =(B66/(2*PI()))*(C66*9.81)*$M$15 -> 0.06262939 | F66: =F65+0.02 -> 1.26 | G66: =IF(F66=0,T81,IF(AND(F66>0,F66<=$P$9),$P$7+(($P$8-$P$7)/($P$9-$F$3)*(F66-$F$3)),IF(AND(F66>$P$9,F66<=$P$10),$P$8,IF(AND(F66>$P$10,F66<=$P$11),$P$12/F66,IF(F66>$P$11,$P$13/F66^2))))) -> 0.10266667 | H66: =(F66/(2*PI()))*(G66*9.81)*$P$15 -> 0.11330576 | K66: - 표층지반 평균 전단파속도 산정 정리
B67: =B66+0.02 -> 1.28 | C67: =IF(B67=0,M71,IF(AND(B67>0,B67<=$M$9),$M$7+(($M$8-$M$7)/($M$9-$B$3)*(B67-$B$3)),IF(AND(B67>$M$9,B67<=$M$10),$M$8,IF(AND(B67>$M$10,B67<=$M$11),$M$12/B67,IF(B67>$M$11,$M$13/B67^2))))) -> 0.04134375 | D67: =(B67/(2*PI()))*(C67*9.81)*$M$15 -> 0.06262939 | F67: =F66+0.02 -> 1.28 | G67: =IF(F67=0,T82,IF(AND(F67>0,F67<=$P$9),$P$7+(($P$8-$P$7)/($P$9-$F$3)*(F67-$F$3)),IF(AND(F67>$P$9,F67<=$P$10),$P$8,IF(AND(F67>$P$10,F67<=$P$11),$P$12/F67,IF(F67>$P$11,$P$13/F67^2))))) -> 0.1010625 | H67: =(F67/(2*PI()))*(G67*9.81)*$P$15 -> 0.11330576 | K67: - 내용 일부 수정
B68: =B67+0.02 -> 1.3 | C68: =IF(B68=0,M72,IF(AND(B68>0,B68<=$M$9),$M$7+(($M$8-$M$7)/($M$9-$B$3)*(B68-$B$3)),IF(AND(B68>$M$9,B68<=$M$10),$M$8,IF(AND(B68>$M$10,B68<=$M$11),$M$12/B68,IF(B68>$M$11,$M$13/B68^2))))) -> 0.040707692 | D68: =(B68/(2*PI()))*(C68*9.81)*$M$15 -> 0.06262939 | F68: =F67+0.02 -> 1.3 | G68: =IF(F68=0,T83,IF(AND(F68>0,F68<=$P$9),$P$7+(($P$8-$P$7)/($P$9-$F$3)*(F68-$F$3)),IF(AND(F68>$P$9,F68<=$P$10),$P$8,IF(AND(F68>$P$10,F68<=$P$11),$P$12/F68,IF(F68>$P$11,$P$13/F68^2))))) -> 0.099507692 | H68: =(F68/(2*PI()))*(G68*9.81)*$P$15 -> 0.11330576 | K68: Version : 1.02
B69: =B68+0.02 -> 1.32 | C69: =IF(B69=0,M73,IF(AND(B69>0,B69<=$M$9),$M$7+(($M$8-$M$7)/($M$9-$B$3)*(B69-$B$3)),IF(AND(B69>$M$9,B69<=$M$10),$M$8,IF(AND(B69>$M$10,B69<=$M$11),$M$12/B69,IF(B69>$M$11,$M$13/B69^2))))) -> 0.040090909 | D69: =(B69/(2*PI()))*(C69*9.81)*$M$15 -> 0.06262939 | F69: =F68+0.02 -> 1.32 | G69: =IF(F69=0,T84,IF(AND(F69>0,F69<=$P$9),$P$7+(($P$8-$P$7)/($P$9-$F$3)*(F69-$F$3)),IF(AND(F69>$P$9,F69<=$P$10),$P$8,IF(AND(F69>$P$10,F69<=$P$11),$P$12/F69,IF(F69>$P$11,$P$13/F69^2))))) -> 0.098 | H69: =(F69/(2*PI()))*(G69*9.81)*$P$15 -> 0.11330576 | K69: - 오타 및 표시 자릿수 수정
B70: =B69+0.02 -> 1.34 | C70: =IF(B70=0,M74,IF(AND(B70>0,B70<=$M$9),$M$7+(($M$8-$M$7)/($M$9-$B$3)*(B70-$B$3)),IF(AND(B70>$M$9,B70<=$M$10),$M$8,IF(AND(B70>$M$10,B70<=$M$11),$M$12/B70,IF(B70>$M$11,$M$13/B70^2))))) -> 0.039492537 | D70: =(B70/(2*PI()))*(C70*9.81)*$M$15 -> 0.06262939 | F70: =F69+0.02 -> 1.34 | G70: =IF(F70=0,T85,IF(AND(F70>0,F70<=$P$9),$P$7+(($P$8-$P$7)/($P$9-$F$3)*(F70-$F$3)),IF(AND(F70>$P$9,F70<=$P$10),$P$8,IF(AND(F70>$P$10,F70<=$P$11),$P$12/F70,IF(F70>$P$11,$P$13/F70^2))))) -> 0.096537313 | H70: =(F70/(2*PI()))*(G70*9.81)*$P$15 -> 0.11330576
B71: =B70+0.02 -> 1.36 | C71: =IF(B71=0,M75,IF(AND(B71>0,B71<=$M$9),$M$7+(($M$8-$M$7)/($M$9-$B$3)*(B71-$B$3)),IF(AND(B71>$M$9,B71<=$M$10),$M$8,IF(AND(B71>$M$10,B71<=$M$11),$M$12/B71,IF(B71>$M$11,$M$13/B71^2))))) -> 0.038911765 | D71: =(B71/(2*PI()))*(C71*9.81)*$M$15 -> 0.06262939 | F71: =F70+0.02 -> 1.36 | G71: =IF(F71=0,T86,IF(AND(F71>0,F71<=$P$9),$P$7+(($P$8-$P$7)/($P$9-$F$3)*(F71-$F$3)),IF(AND(F71>$P$9,F71<=$P$10),$P$8,IF(AND(F71>$P$10,F71<=$P$11),$P$12/F71,IF(F71>$P$11,$P$13/F71^2))))) -> 0.095117647 | H71: =(F71/(2*PI()))*(G71*9.81)*$P$15 -> 0.11330576 | K71: Version : 1.03
B72: =B71+0.02 -> 1.38 | C72: =IF(B72=0,M76,IF(AND(B72>0,B72<=$M$9),$M$7+(($M$8-$M$7)/($M$9-$B$3)*(B72-$B$3)),IF(AND(B72>$M$9,B72<=$M$10),$M$8,IF(AND(B72>$M$10,B72<=$M$11),$M$12/B72,IF(B72>$M$11,$M$13/B72^2))))) -> 0.038347826 | D72: =(B72/(2*PI()))*(C72*9.81)*$M$15 -> 0.06262939 | F72: =F71+0.02 -> 1.38 | G72: =IF(F72=0,T87,IF(AND(F72>0,F72<=$P$9),$P$7+(($P$8-$P$7)/($P$9-$F$3)*(F72-$F$3)),IF(AND(F72>$P$9,F72<=$P$10),$P$8,IF(AND(F72>$P$10,F72<=$P$11),$P$12/F72,IF(F72>$P$11,$P$13/F72^2))))) -> 0.09373913 | H72: =(F72/(2*PI()))*(G72*9.81)*$P$15 -> 0.11330576 | K72: - 지반분류 표층지반 평균 전단파 속도 산정시 20m 제한 조건 삭제
B73: =B72+0.02 -> 1.4 | C73: =IF(B73=0,M77,IF(AND(B73>0,B73<=$M$9),$M$7+(($M$8-$M$7)/($M$9-$B$3)*(B73-$B$3)),IF(AND(B73>$M$9,B73<=$M$10),$M$8,IF(AND(B73>$M$10,B73<=$M$11),$M$12/B73,IF(B73>$M$11,$M$13/B73^2))))) -> 0.0378 | D73: =(B73/(2*PI()))*(C73*9.81)*$M$15 -> 0.06262939 | F73: =F72+0.02 -> 1.4 | G73: =IF(F73=0,T88,IF(AND(F73>0,F73<=$P$9),$P$7+(($P$8-$P$7)/($P$9-$F$3)*(F73-$F$3)),IF(AND(F73>$P$9,F73<=$P$10),$P$8,IF(AND(F73>$P$10,F73<=$P$11),$P$12/F73,IF(F73>$P$11,$P$13/F73^2))))) -> 0.0924 | H73: =(F73/(2*PI()))*(G73*9.81)*$P$15 -> 0.11330576 | K73: - 강관과 지반의 마찰력 0.1MPa ->0.01MPa 로 변경(개정 평가요령 반영)
B74: =B73+0.02 -> 1.42 | C74: =IF(B74=0,M78,IF(AND(B74>0,B74<=$M$9),$M$7+(($M$8-$M$7)/($M$9-$B$3)*(B74-$B$3)),IF(AND(B74>$M$9,B74<=$M$10),$M$8,IF(AND(B74>$M$10,B74<=$M$11),$M$12/B74,IF(B74>$M$11,$M$13/B74^2))))) -> 0.037267606 | D74: =(B74/(2*PI()))*(C74*9.81)*$M$15 -> 0.06262939 | F74: =F73+0.02 -> 1.42 | G74: =IF(F74=0,T89,IF(AND(F74>0,F74<=$P$9),$P$7+(($P$8-$P$7)/($P$9-$F$3)*(F74-$F$3)),IF(AND(F74>$P$9,F74<=$P$10),$P$8,IF(AND(F74>$P$10,F74<=$P$11),$P$12/F74,IF(F74>$P$11,$P$13/F74^2))))) -> 0.091098592 | H74: =(F74/(2*PI()))*(G74*9.81)*$P$15 -> 0.11330576 | K74: - 286행 L1 산정시 εy를 항복점 변형율에서 국부좌굴 개시변형율로 변경
B75: =B74+0.02 -> 1.44 | C75: =IF(B75=0,M79,IF(AND(B75>0,B75<=$M$9),$M$7+(($M$8-$M$7)/($M$9-$B$3)*(B75-$B$3)),IF(AND(B75>$M$9,B75<=$M$10),$M$8,IF(AND(B75>$M$10,B75<=$M$11),$M$12/B75,IF(B75>$M$11,$M$13/B75^2))))) -> 0.03675 | D75: =(B75/(2*PI()))*(C75*9.81)*$M$15 -> 0.06262939 | F75: =F74+0.02 -> 1.44 | G75: =IF(F75=0,T90,IF(AND(F75>0,F75<=$P$9),$P$7+(($P$8-$P$7)/($P$9-$F$3)*(F75-$F$3)),IF(AND(F75>$P$9,F75<=$P$10),$P$8,IF(AND(F75>$P$10,F75<=$P$11),$P$12/F75,IF(F75>$P$11,$P$13/F75^2))))) -> 0.089833333 | H75: =(F75/(2*PI()))*(G75*9.81)*$P$15 -> 0.11330576
B76: =B75+0.02 -> 1.46 | C76: =IF(B76=0,M80,IF(AND(B76>0,B76<=$M$9),$M$7+(($M$8-$M$7)/($M$9-$B$3)*(B76-$B$3)),IF(AND(B76>$M$9,B76<=$M$10),$M$8,IF(AND(B76>$M$10,B76<=$M$11),$M$12/B76,IF(B76>$M$11,$M$13/B76^2))))) -> 0.036246575 | D76: =(B76/(2*PI()))*(C76*9.81)*$M$15 -> 0.06262939 | F76: =F75+0.02 -> 1.46 | G76: =IF(F76=0,T91,IF(AND(F76>0,F76<=$P$9),$P$7+(($P$8-$P$7)/($P$9-$F$3)*(F76-$F$3)),IF(AND(F76>$P$9,F76<=$P$10),$P$8,IF(AND(F76>$P$10,F76<=$P$11),$P$12/F76,IF(F76>$P$11,$P$13/F76^2))))) -> 0.08860274 | H76: =(F76/(2*PI()))*(G76*9.81)*$P$15 -> 0.11330576
B77: =B76+0.02 -> 1.48 | C77: =IF(B77=0,M81,IF(AND(B77>0,B77<=$M$9),$M$7+(($M$8-$M$7)/($M$9-$B$3)*(B77-$B$3)),IF(AND(B77>$M$9,B77<=$M$10),$M$8,IF(AND(B77>$M$10,B77<=$M$11),$M$12/B77,IF(B77>$M$11,$M$13/B77^2))))) -> 0.035756757 | D77: =(B77/(2*PI()))*(C77*9.81)*$M$15 -> 0.06262939 | F77: =F76+0.02 -> 1.48 | G77: =IF(F77=0,T92,IF(AND(F77>0,F77<=$P$9),$P$7+(($P$8-$P$7)/($P$9-$F$3)*(F77-$F$3)),IF(AND(F77>$P$9,F77<=$P$10),$P$8,IF(AND(F77>$P$10,F77<=$P$11),$P$12/F77,IF(F77>$P$11,$P$13/F77^2))))) -> 0.087405405 | H77: =(F77/(2*PI()))*(G77*9.81)*$P$15 -> 0.11330576
B78: =B77+0.02 -> 1.5 | C78: =IF(B78=0,M82,IF(AND(B78>0,B78<=$M$9),$M$7+(($M$8-$M$7)/($M$9-$B$3)*(B78-$B$3)),IF(AND(B78>$M$9,B78<=$M$10),$M$8,IF(AND(B78>$M$10,B78<=$M$11),$M$12/B78,IF(B78>$M$11,$M$13/B78^2))))) -> 0.03528 | D78: =(B78/(2*PI()))*(C78*9.81)*$M$15 -> 0.06262939 | F78: =F77+0.02 -> 1.5 | G78: =IF(F78=0,T93,IF(AND(F78>0,F78<=$P$9),$P$7+(($P$8-$P$7)/($P$9-$F$3)*(F78-$F$3)),IF(AND(F78>$P$9,F78<=$P$10),$P$8,IF(AND(F78>$P$10,F78<=$P$11),$P$12/F78,IF(F78>$P$11,$P$13/F78^2))))) -> 0.08624 | H78: =(F78/(2*PI()))*(G78*9.81)*$P$15 -> 0.11330576
B79: =B78+0.02 -> 1.52 | C79: =IF(B79=0,M83,IF(AND(B79>0,B79<=$M$9),$M$7+(($M$8-$M$7)/($M$9-$B$3)*(B79-$B$3)),IF(AND(B79>$M$9,B79<=$M$10),$M$8,IF(AND(B79>$M$10,B79<=$M$11),$M$12/B79,IF(B79>$M$11,$M$13/B79^2))))) -> 0.034815789 | D79: =(B79/(2*PI()))*(C79*9.81)*$M$15 -> 0.06262939 | F79: =F78+0.02 -> 1.52 | G79: =IF(F79=0,T94,IF(AND(F79>0,F79<=$P$9),$P$7+(($P$8-$P$7)/($P$9-$F$3)*(F79-$F$3)),IF(AND(F79>$P$9,F79<=$P$10),$P$8,IF(AND(F79>$P$10,F79<=$P$11),$P$12/F79,IF(F79>$P$11,$P$13/F79^2))))) -> 0.085105263 | H79: =(F79/(2*PI()))*(G79*9.81)*$P$15 -> 0.11330576
B80: =B79+0.02 -> 1.54 | C80: =IF(B80=0,M84,IF(AND(B80>0,B80<=$M$9),$M$7+(($M$8-$M$7)/($M$9-$B$3)*(B80-$B$3)),IF(AND(B80>$M$9,B80<=$M$10),$M$8,IF(AND(B80>$M$10,B80<=$M$11),$M$12/B80,IF(B80>$M$11,$M$13/B80^2))))) -> 0.034363636 | D80: =(B80/(2*PI()))*(C80*9.81)*$M$15 -> 0.06262939 | F80: =F79+0.02 -> 1.54 | G80: =IF(F80=0,T95,IF(AND(F80>0,F80<=$P$9),$P$7+(($P$8-$P$7)/($P$9-$F$3)*(F80-$F$3)),IF(AND(F80>$P$9,F80<=$P$10),$P$8,IF(AND(F80>$P$10,F80<=$P$11),$P$12/F80,IF(F80>$P$11,$P$13/F80^2))))) -> 0.084 | H80: =(F80/(2*PI()))*(G80*9.81)*$P$15 -> 0.11330576
B81: =B80+0.02 -> 1.56 | C81: =IF(B81=0,M85,IF(AND(B81>0,B81<=$M$9),$M$7+(($M$8-$M$7)/($M$9-$B$3)*(B81-$B$3)),IF(AND(B81>$M$9,B81<=$M$10),$M$8,IF(AND(B81>$M$10,B81<=$M$11),$M$12/B81,IF(B81>$M$11,$M$13/B81^2))))) -> 0.033923077 | D81: =(B81/(2*PI()))*(C81*9.81)*$M$15 -> 0.06262939 | F81: =F80+0.02 -> 1.56 | G81: =IF(F81=0,T96,IF(AND(F81>0,F81<=$P$9),$P$7+(($P$8-$P$7)/($P$9-$F$3)*(F81-$F$3)),IF(AND(F81>$P$9,F81<=$P$10),$P$8,IF(AND(F81>$P$10,F81<=$P$11),$P$12/F81,IF(F81>$P$11,$P$13/F81^2))))) -> 0.082923077 | H81: =(F81/(2*PI()))*(G81*9.81)*$P$15 -> 0.11330576
B82: =B81+0.02 -> 1.58 | C82: =IF(B82=0,M86,IF(AND(B82>0,B82<=$M$9),$M$7+(($M$8-$M$7)/($M$9-$B$3)*(B82-$B$3)),IF(AND(B82>$M$9,B82<=$M$10),$M$8,IF(AND(B82>$M$10,B82<=$M$11),$M$12/B82,IF(B82>$M$11,$M$13/B82^2))))) -> 0.033493671 | D82: =(B82/(2*PI()))*(C82*9.81)*$M$15 -> 0.06262939 | F82: =F81+0.02 -> 1.58 | G82: =IF(F82=0,T97,IF(AND(F82>0,F82<=$P$9),$P$7+(($P$8-$P$7)/($P$9-$F$3)*(F82-$F$3)),IF(AND(F82>$P$9,F82<=$P$10),$P$8,IF(AND(F82>$P$10,F82<=$P$11),$P$12/F82,IF(F82>$P$11,$P$13/F82^2))))) -> 0.081873418 | H82: =(F82/(2*PI()))*(G82*9.81)*$P$15 -> 0.11330576
B83: =B82+0.02 -> 1.6 | C83: =IF(B83=0,M87,IF(AND(B83>0,B83<=$M$9),$M$7+(($M$8-$M$7)/($M$9-$B$3)*(B83-$B$3)),IF(AND(B83>$M$9,B83<=$M$10),$M$8,IF(AND(B83>$M$10,B83<=$M$11),$M$12/B83,IF(B83>$M$11,$M$13/B83^2))))) -> 0.033075 | D83: =(B83/(2*PI()))*(C83*9.81)*$M$15 -> 0.06262939 | F83: =F82+0.02 -> 1.6 | G83: =IF(F83=0,T98,IF(AND(F83>0,F83<=$P$9),$P$7+(($P$8-$P$7)/($P$9-$F$3)*(F83-$F$3)),IF(AND(F83>$P$9,F83<=$P$10),$P$8,IF(AND(F83>$P$10,F83<=$P$11),$P$12/F83,IF(F83>$P$11,$P$13/F83^2))))) -> 0.08085 | H83: =(F83/(2*PI()))*(G83*9.81)*$P$15 -> 0.11330576
B84: =B83+0.02 -> 1.62 | C84: =IF(B84=0,M88,IF(AND(B84>0,B84<=$M$9),$M$7+(($M$8-$M$7)/($M$9-$B$3)*(B84-$B$3)),IF(AND(B84>$M$9,B84<=$M$10),$M$8,IF(AND(B84>$M$10,B84<=$M$11),$M$12/B84,IF(B84>$M$11,$M$13/B84^2))))) -> 0.032666667 | D84: =(B84/(2*PI()))*(C84*9.81)*$M$15 -> 0.06262939 | F84: =F83+0.02 -> 1.62 | G84: =IF(F84=0,T99,IF(AND(F84>0,F84<=$P$9),$P$7+(($P$8-$P$7)/($P$9-$F$3)*(F84-$F$3)),IF(AND(F84>$P$9,F84<=$P$10),$P$8,IF(AND(F84>$P$10,F84<=$P$11),$P$12/F84,IF(F84>$P$11,$P$13/F84^2))))) -> 0.079851852 | H84: =(F84/(2*PI()))*(G84*9.81)*$P$15 -> 0.11330576
B85: =B84+0.02 -> 1.64 | C85: =IF(B85=0,M89,IF(AND(B85>0,B85<=$M$9),$M$7+(($M$8-$M$7)/($M$9-$B$3)*(B85-$B$3)),IF(AND(B85>$M$9,B85<=$M$10),$M$8,IF(AND(B85>$M$10,B85<=$M$11),$M$12/B85,IF(B85>$M$11,$M$13/B85^2))))) -> 0.032268293 | D85: =(B85/(2*PI()))*(C85*9.81)*$M$15 -> 0.06262939 | F85: =F84+0.02 -> 1.64 | G85: =IF(F85=0,T100,IF(AND(F85>0,F85<=$P$9),$P$7+(($P$8-$P$7)/($P$9-$F$3)*(F85-$F$3)),IF(AND(F85>$P$9,F85<=$P$10),$P$8,IF(AND(F85>$P$10,F85<=$P$11),$P$12/F85,IF(F85>$P$11,$P$13/F85^2))))) -> 0.078878049 | H85: =(F85/(2*PI()))*(G85*9.81)*$P$15 -> 0.11330576
B86: =B85+0.02 -> 1.66 | C86: =IF(B86=0,M90,IF(AND(B86>0,B86<=$M$9),$M$7+(($M$8-$M$7)/($M$9-$B$3)*(B86-$B$3)),IF(AND(B86>$M$9,B86<=$M$10),$M$8,IF(AND(B86>$M$10,B86<=$M$11),$M$12/B86,IF(B86>$M$11,$M$13/B86^2))))) -> 0.031879518 | D86: =(B86/(2*PI()))*(C86*9.81)*$M$15 -> 0.06262939 | F86: =F85+0.02 -> 1.66 | G86: =IF(F86=0,T101,IF(AND(F86>0,F86<=$P$9),$P$7+(($P$8-$P$7)/($P$9-$F$3)*(F86-$F$3)),IF(AND(F86>$P$9,F86<=$P$10),$P$8,IF(AND(F86>$P$10,F86<=$P$11),$P$12/F86,IF(F86>$P$11,$P$13/F86^2))))) -> 0.077927711 | H86: =(F86/(2*PI()))*(G86*9.81)*$P$15 -> 0.11330576
... B288: =B287+0.02 -> 5.7 | C288: =IF(B288=0,M292,IF(AND(B288>0,B288<=$M$9),$M$7+(($M$8-$M$7)/($M$9-$B$3)*(B288-$B$3)),IF(AND(B288>$M$9,B288<=$M$10),$M$8,IF(AND(B288>$M$10,B288<=$M$11),$M$12/B288,IF(B288>$M$11,$M$13/B288^2))))) -> 0.0048864266 | D288: =(B288/(2*PI()))*(C288*9.81)*$M$15 -> 0.032962837 | F288: =F287+0.02 -> 5.7 | G288: =IF(F288=0,T303,IF(AND(F288>0,F288<=$P$9),$P$7+(($P$8-$P$7)/($P$9-$F$3)*(F288-$F$3)),IF(AND(F288>$P$9,F288<=$P$10),$P$8,IF(AND(F288>$P$10,F288<=$P$11),$P$12/F288,IF(F288>$P$11,$P$13/F288^2))))) -> 0.011944598 | H288: =(F288/(2*PI()))*(G288*9.81)*$P$15 -> 0.059634613
B289: =B288+0.02 -> 5.72 | C289: =IF(B289=0,M293,IF(AND(B289>0,B289<=$M$9),$M$7+(($M$8-$M$7)/($M$9-$B$3)*(B289-$B$3)),IF(AND(B289>$M$9,B289<=$M$10),$M$8,IF(AND(B289>$M$10,B289<=$M$11),$M$12/B289,IF(B289>$M$11,$M$13/B289^2))))) -> 0.0048523155 | D289: =(B289/(2*PI()))*(C289*9.81)*$M$15 -> 0.032847582 | F289: =F288+0.02 -> 5.72 | G289: =IF(F289=0,#REF!,IF(AND(F289>0,F289<=$P$9),$P$7+(($P$8-$P$7)/($P$9-$F$3)*(F289-$F$3)),IF(AND(F289>$P$9,F289<=$P$10),$P$8,IF(AND(F289>$P$10,F289<=$P$11),$P$12/F289,IF(F289>$P$11,$P$13/F289^2))))) -> 0.011861216 | H289: =(F289/(2*PI()))*(G289*9.81)*$P$15 -> 0.059426101
B290: =B289+0.02 -> 5.74 | C290: =IF(B290=0,M294,IF(AND(B290>0,B290<=$M$9),$M$7+(($M$8-$M$7)/($M$9-$B$3)*(B290-$B$3)),IF(AND(B290>$M$9,B290<=$M$10),$M$8,IF(AND(B290>$M$10,B290<=$M$11),$M$12/B290,IF(B290>$M$11,$M$13/B290^2))))) -> 0.0048185604 | D290: =(B290/(2*PI()))*(C290*9.81)*$M$15 -> 0.032733131 | F290: =F289+0.02 -> 5.74 | G290: =IF(F290=0,#REF!,IF(AND(F290>0,F290<=$P$9),$P$7+(($P$8-$P$7)/($P$9-$F$3)*(F290-$F$3)),IF(AND(F290>$P$9,F290<=$P$10),$P$8,IF(AND(F290>$P$10,F290<=$P$11),$P$12/F290,IF(F290>$P$11,$P$13/F290^2))))) -> 0.011778703 | H290: =(F290/(2*PI()))*(G290*9.81)*$P$15 -> 0.059219041
B291: =B290+0.02 -> 5.76 | C291: =IF(B291=0,M295,IF(AND(B291>0,B291<=$M$9),$M$7+(($M$8-$M$7)/($M$9-$B$3)*(B291-$B$3)),IF(AND(B291>$M$9,B291<=$M$10),$M$8,IF(AND(B291>$M$10,B291<=$M$11),$M$12/B291,IF(B291>$M$11,$M$13/B291^2))))) -> 0.0047851563 | D291: =(B291/(2*PI()))*(C291*9.81)*$M$15 -> 0.032619474 | F291: =F290+0.02 -> 5.76 | G291: =IF(F291=0,#REF!,IF(AND(F291>0,F291<=$P$9),$P$7+(($P$8-$P$7)/($P$9-$F$3)*(F291-$F$3)),IF(AND(F291>$P$9,F291<=$P$10),$P$8,IF(AND(F291>$P$10,F291<=$P$11),$P$12/F291,IF(F291>$P$11,$P$13/F291^2))))) -> 0.011697049 | H291: =(F291/(2*PI()))*(G291*9.81)*$P$15 -> 0.059013419
B292: =B291+0.02 -> 5.78 | C292: =IF(B292=0,M296,IF(AND(B292>0,B292<=$M$9),$M$7+(($M$8-$M$7)/($M$9-$B$3)*(B292-$B$3)),IF(AND(B292>$M$9,B292<=$M$10),$M$8,IF(AND(B292>$M$10,B292<=$M$11),$M$12/B292,IF(B292>$M$11,$M$13/B292^2))))) -> 0.0047520983 | D292: =(B292/(2*PI()))*(C292*9.81)*$M$15 -> 0.032506604 | F292: =F291+0.02 -> 5.78 | G292: =IF(F292=0,#REF!,IF(AND(F292>0,F292<=$P$9),$P$7+(($P$8-$P$7)/($P$9-$F$3)*(F292-$F$3)),IF(AND(F292>$P$9,F292<=$P$10),$P$8,IF(AND(F292>$P$10,F292<=$P$11),$P$12/F292,IF(F292>$P$11,$P$13/F292^2))))) -> 0.01161624 | H292: =(F292/(2*PI()))*(G292*9.81)*$P$15 -> 0.058809221
B293: =B292+0.02 -> 5.8 | C293: =IF(B293=0,M297,IF(AND(B293>0,B293<=$M$9),$M$7+(($M$8-$M$7)/($M$9-$B$3)*(B293-$B$3)),IF(AND(B293>$M$9,B293<=$M$10),$M$8,IF(AND(B293>$M$10,B293<=$M$11),$M$12/B293,IF(B293>$M$11,$M$13/B293^2))))) -> 0.0047193817 | D293: =(B293/(2*PI()))*(C293*9.81)*$M$15 -> 0.032394512 | F293: =F292+0.02 -> 5.8 | G293: =IF(F293=0,#REF!,IF(AND(F293>0,F293<=$P$9),$P$7+(($P$8-$P$7)/($P$9-$F$3)*(F293-$F$3)),IF(AND(F293>$P$9,F293<=$P$10),$P$8,IF(AND(F293>$P$10,F293<=$P$11),$P$12/F293,IF(F293>$P$11,$P$13/F293^2))))) -> 0.011536266 | H293: =(F293/(2*PI()))*(G293*9.81)*$P$15 -> 0.05860643
B294: =B293+0.02 -> 5.82 | C294: =IF(B294=0,M298,IF(AND(B294>0,B294<=$M$9),$M$7+(($M$8-$M$7)/($M$9-$B$3)*(B294-$B$3)),IF(AND(B294>$M$9,B294<=$M$10),$M$8,IF(AND(B294>$M$10,B294<=$M$11),$M$12/B294,IF(B294>$M$11,$M$13/B294^2))))) -> 0.0046870018 | D294: =(B294/(2*PI()))*(C294*9.81)*$M$15 -> 0.032283191 | F294: =F293+0.02 -> 5.82 | G294: =IF(F294=0,#REF!,IF(AND(F294>0,F294<=$P$9),$P$7+(($P$8-$P$7)/($P$9-$F$3)*(F294-$F$3)),IF(AND(F294>$P$9,F294<=$P$10),$P$8,IF(AND(F294>$P$10,F294<=$P$11),$P$12/F294,IF(F294>$P$11,$P$13/F294^2))))) -> 0.011457116 | H294: =(F294/(2*PI()))*(G294*9.81)*$P$15 -> 0.058405033
B295: =B294+0.02 -> 5.84 | C295: =IF(B295=0,M299,IF(AND(B295>0,B295<=$M$9),$M$7+(($M$8-$M$7)/($M$9-$B$3)*(B295-$B$3)),IF(AND(B295>$M$9,B295<=$M$10),$M$8,IF(AND(B295>$M$10,B295<=$M$11),$M$12/B295,IF(B295>$M$11,$M$13/B295^2))))) -> 0.004654954 | D295: =(B295/(2*PI()))*(C295*9.81)*$M$15 -> 0.032172632 | F295: =F294+0.02 -> 5.84 | G295: =IF(F295=0,#REF!,IF(AND(F295>0,F295<=$P$9),$P$7+(($P$8-$P$7)/($P$9-$F$3)*(F295-$F$3)),IF(AND(F295>$P$9,F295<=$P$10),$P$8,IF(AND(F295>$P$10,F295<=$P$11),$P$12/F295,IF(F295>$P$11,$P$13/F295^2))))) -> 0.011378777 | H295: =(F295/(2*PI()))*(G295*9.81)*$P$15 -> 0.058205016
B296: =B295+0.02 -> 5.86 | C296: =IF(B296=0,M300,IF(AND(B296>0,B296<=$M$9),$M$7+(($M$8-$M$7)/($M$9-$B$3)*(B296-$B$3)),IF(AND(B296>$M$9,B296<=$M$10),$M$8,IF(AND(B296>$M$10,B296<=$M$11),$M$12/B296,IF(B296>$M$11,$M$13/B296^2))))) -> 0.0046232338 | D296: =(B296/(2*PI()))*(C296*9.81)*$M$15 -> 0.032062828 | F296: =F295+0.02 -> 5.86 | G296: =IF(F296=0,#REF!,IF(AND(F296>0,F296<=$P$9),$P$7+(($P$8-$P$7)/($P$9-$F$3)*(F296-$F$3)),IF(AND(F296>$P$9,F296<=$P$10),$P$8,IF(AND(F296>$P$10,F296<=$P$11),$P$12/F296,IF(F296>$P$11,$P$13/F296^2))))) -> 0.011301238 | H296: =(F296/(2*PI()))*(G296*9.81)*$P$15 -> 0.058006364
B297: =B296+0.02 -> 5.88 | C297: =IF(B297=0,M301,IF(AND(B297>0,B297<=$M$9),$M$7+(($M$8-$M$7)/($M$9-$B$3)*(B297-$B$3)),IF(AND(B297>$M$9,B297<=$M$10),$M$8,IF(AND(B297>$M$10,B297<=$M$11),$M$12/B297,IF(B297>$M$11,$M$13/B297^2))))) -> 0.0045918367 | D297: =(B297/(2*PI()))*(C297*9.81)*$M$15 -> 0.03195377 | F297: =F296+0.02 -> 5.88 | G297: =IF(F297=0,#REF!,IF(AND(F297>0,F297<=$P$9),$P$7+(($P$8-$P$7)/($P$9-$F$3)*(F297-$F$3)),IF(AND(F297>$P$9,F297<=$P$10),$P$8,IF(AND(F297>$P$10,F297<=$P$11),$P$12/F297,IF(F297>$P$11,$P$13/F297^2))))) -> 0.01122449 | H297: =(F297/(2*PI()))*(G297*9.81)*$P$15 -> 0.057809064
B298: =B297+0.02 -> 5.9 | C298: =IF(B298=0,M302,IF(AND(B298>0,B298<=$M$9),$M$7+(($M$8-$M$7)/($M$9-$B$3)*(B298-$B$3)),IF(AND(B298>$M$9,B298<=$M$10),$M$8,IF(AND(B298>$M$10,B298<=$M$11),$M$12/B298,IF(B298>$M$11,$M$13/B298^2))))) -> 0.0045607584 | D298: =(B298/(2*PI()))*(C298*9.81)*$M$15 -> 0.031845452 | F298: =F297+0.02 -> 5.9 | G298: =IF(F298=0,#REF!,IF(AND(F298>0,F298<=$P$9),$P$7+(($P$8-$P$7)/($P$9-$F$3)*(F298-$F$3)),IF(AND(F298>$P$9,F298<=$P$10),$P$8,IF(AND(F298>$P$10,F298<=$P$11),$P$12/F298,IF(F298>$P$11,$P$13/F298^2))))) -> 0.011148521 | H298: =(F298/(2*PI()))*(G298*9.81)*$P$15 -> 0.057613101
B299: =B298+0.02 -> 5.92 | C299: =IF(B299=0,M303,IF(AND(B299>0,B299<=$M$9),$M$7+(($M$8-$M$7)/($M$9-$B$3)*(B299-$B$3)),IF(AND(B299>$M$9,B299<=$M$10),$M$8,IF(AND(B299>$M$10,B299<=$M$11),$M$12/B299,IF(B299>$M$11,$M$13/B299^2))))) -> 0.0045299945 | D299: =(B299/(2*PI()))*(C299*9.81)*$M$15 -> 0.031737866 | F299: =F298+0.02 -> 5.92 | G299: =IF(F299=0,#REF!,IF(AND(F299>0,F299<=$P$9),$P$7+(($P$8-$P$7)/($P$9-$F$3)*(F299-$F$3)),IF(AND(F299>$P$9,F299<=$P$10),$P$8,IF(AND(F299>$P$10,F299<=$P$11),$P$12/F299,IF(F299>$P$11,$P$13/F299^2))))) -> 0.01107332 | H299: =(F299/(2*PI()))*(G299*9.81)*$P$15 -> 0.057418462
B300: =B299+0.02 -> 5.94 | C300: =IF(B300=0,M304,IF(AND(B300>0,B300<=$M$9),$M$7+(($M$8-$M$7)/($M$9-$B$3)*(B300-$B$3)),IF(AND(B300>$M$9,B300<=$M$10),$M$8,IF(AND(B300>$M$10,B300<=$M$11),$M$12/B300,IF(B300>$M$11,$M$13/B300^2))))) -> 0.0044995409 | D300: =(B300/(2*PI()))*(C300*9.81)*$M$15 -> 0.031631005 | F300: =F299+0.02 -> 5.94 | G300: =IF(F300=0,#REF!,IF(AND(F300>0,F300<=$P$9),$P$7+(($P$8-$P$7)/($P$9-$F$3)*(F300-$F$3)),IF(AND(F300>$P$9,F300<=$P$10),$P$8,IF(AND(F300>$P$10,F300<=$P$11),$P$12/F300,IF(F300>$P$11,$P$13/F300^2))))) -> 0.010998878 | H300: =(F300/(2*PI()))*(G300*9.81)*$P$15 -> 0.057225134
... B303: =B302+0.02 -> 6 | C303: =IF(B303=0,M307,IF(AND(B303>0,B303<=$M$9),$M$7+(($M$8-$M$7)/($M$9-$B$3)*(B303-$B$3)),IF(AND(B303>$M$9,B303<=$M$10),$M$8,IF(AND(B303>$M$10,B303<=$M$11),$M$12/B303,IF(B303>$M$11,$M$13/B303^2))))) -> 0.00441 | D303: =(B303/(2*PI()))*(C303*9.81)*$M$15 -> 0.031314695 | F303: =F302+0.02 -> 6 | G303: =IF(F303=0,#REF!,IF(AND(F303>0,F303<=$P$9),$P$7+(($P$8-$P$7)/($P$9-$F$3)*(F303-$F$3)),IF(AND(F303>$P$9,F303<=$P$10),$P$8,IF(AND(F303>$P$10,F303<=$P$11),$P$12/F303,IF(F303>$P$11,$P$13/F303^2))))) -> 0.01078 | H303: =(F303/(2*PI()))*(G303*9.81)*$P$15 -> 0.056652882
